alpha,eval/episode_length,eval/episode_length_std,eval/episode_reward,eval/episode_reward_std,loss/actor,loss/alpha,loss/critic,rollout_info/num_transitions,rollout_info/reward_mean,timestep
0.9515303246378891,150.0,0.0,-8110.392794187869,1901.3602727218774,-2.593240262746809,-0.33658480099076377,8.762878988636658e-05,207222.0,-0.8108181072934906,1000
0.8609540964365019,150.0,0.0,-9639.885391452131,2009.6138312078851,-2.349387122631076,-1.009821541607379,1.2236643628057204e-05,207882.0,-0.8007025212057234,2000
0.7790158240199081,150.0,0.0,-10311.170276536552,2383.5329330539753,-2.1272808997631096,-1.6833176251649864,6.400167461151803e-06,207656.0,-0.790458255938273,3000
0.7048787568211573,150.0,0.0,-9823.597453991006,2193.1973264323524,-1.925050103902819,-2.35659674215316,3.64635717301098e-06,208281.0,-0.7970364369877642,4000
0.637794295907021,150.0,0.0,-7861.595956180553,1894.255707195693,-1.7429043610095991,-3.030551016569136,2.1965998636233e-06,207754.0,-0.7965530612976572,5000
0.5770970308780667,150.0,0.0,-8072.671970158162,1653.2959775251556,-1.576667098045346,-3.7035536158084894,1.486565556035659e-06,207991.0,-0.7929490105358323,6000
0.5221807158291335,150.0,0.0,-8794.031303272135,2157.478068791321,-1.4266014680862416,-4.3766937413215645,1.100457343568452e-06,207073.0,-0.7970333398998863,7000
0.47248780718445815,150.0,0.0,-8526.25363822618,1792.977466549781,-1.2911059862375245,-5.050351756095891,6.751822909478727e-07,207603.0,-0.7900913211696864,8000
0.42752347359061227,150.0,0.0,-10400.673323235227,2185.5152346877126,-1.168227454185489,-5.723634850978848,5.722996778700911e-07,207804.0,-0.7876147411797462,9000
0.3868384310901161,150.0,0.0,-8937.408463741356,1982.6473182082427,-1.0573009752035154,-6.3975087413787834,3.9387511644761704e-07,207940.0,-0.7896625434554052,10000
0.35002538543939576,150.0,0.0,-9100.697296546428,1707.9289833671323,-0.9564987529516226,-7.070328195571894,3.5680183903075187e-07,207675.0,-0.7988935163695116,11000
0.31671497246623065,150.0,0.0,-9655.696777645184,2025.6756099121649,-0.8660348944663998,-7.7454760813713115,1.97284124574537e-07,207776.0,-0.7950291869526449,12000
0.28657486817240696,150.0,0.0,-9953.293104847155,2156.2565886954235,-0.7834404770731931,-8.418411460876465,2.436924442235083e-07,207129.0,-0.7971604300933836,13000
0.25930259039998066,150.0,0.0,-10138.968365378762,2257.7641078444053,-0.7087286257147798,-9.090786528587333,1.370419744559648e-07,207922.0,-0.7957481232965254,14000
0.23462842077016832,150.0,0.0,-9000.64640538608,1192.1999354919797,-0.6413776883482937,-9.764730868339532,1.1089397784980184e-07,207592.0,-0.7932453861349547,15000
0.2123007812947037,150.0,0.0,-8714.211390807042,1746.1997705540418,-0.5801785570383066,-10.436881632804877,8.600947191061962e-08,208555.0,-0.7909103891591971,16000
0.19209749387204633,150.0,0.0,-10648.593207079499,1708.8700252094466,-0.5251946481466298,-11.11216042137146,7.04076661444118e-08,207215.0,-0.7995719809193572,17000
0.1738163542151452,150.0,0.0,-9744.180463620318,2168.490543248994,-0.4750946615636353,-11.784394631385817,4.9157266879484725e-08,207385.0,-0.793508887716391,18000
0.15727582426369183,150.0,0.0,-8653.099939500567,2049.497476700591,-0.42984718272089983,-12.457266531944272,5.4800788068187675e-08,207453.0,-0.7926885765168601,19000
0.14230988126993155,150.0,0.0,-7817.604519992865,618.9458246538696,-0.38891685491800365,-13.129949328422562,3.1551440448751634e-08,207947.0,-0.7966840048915401,20000
0.12876712402701365,150.0,0.0,-10313.252301994251,1725.370091775699,-0.35207370880246147,-13.80633714008331,3.699677504753756e-08,208366.0,-0.7977820712152436,21000
0.11651486054062857,150.0,0.0,-9351.418446985395,1761.8758789770238,-0.3185219883620743,-14.478614999771104,2.5021491284304945e-08,207366.0,-0.7980057180290568,22000
0.10542722414433964,150.0,0.0,-9010.773449794639,1609.1672423363013,-0.28834565350413377,-15.154760321617134,2.2306701426416708e-08,207901.0,-0.7952523659261402,23000
0.09539601912349474,150.0,0.0,-10161.919707416802,2144.2921188873183,-0.2608379792422054,-15.826174223899848,1.8851883670401066e-08,207408.0,-0.7947232136451653,24000
0.08632012449949979,150.0,0.0,-9813.842429011831,2126.1819686589843,-0.23595834834873677,-16.498367378234846,2.1070339614570596e-08,206940.0,-0.8048454294478673,25000
0.07810655884444709,150.0,0.0,-9650.097227398499,2147.1369940603554,-0.21362881058454541,-17.17532167053227,9.616646474502875e-09,207488.0,-0.7925915903893073,26000
0.07067407857626673,150.0,0.0,-9868.88550184378,2149.339871452011,-0.193241922602057,-17.84668897438048,1.2302246299444865e-08,207678.0,-0.7869733580912815,27000
0.06395001350715773,150.0,0.0,-7798.698639662221,599.7053682206341,-0.1748560935556891,-18.52049514579776,1.2203932850438057e-08,207386.0,-0.7952523176506026,28000
0.057865614846348716,150.0,0.0,-8675.228268109544,2214.255476518215,-0.15822797745466222,-19.193631956100454,5.505453199772247e-09,208101.0,-0.7953982525254218,29000
0.05236005314812053,150.0,0.0,-9244.785124881177,2433.3672846530862,-0.14317459049820885,-19.867162046432473,8.814606948640038e-09,207475.0,-0.7894324177802662,30000
0.04737827543541792,150.0,0.0,-9672.335402016764,2220.6449009751577,-0.12952478201687356,-20.539121068954447,8.137428460161529e-09,207237.0,-0.7956142892741868,31000
0.042870900008827484,150.0,0.0,-8419.676828325217,1957.022349932626,-0.11720212401449694,-21.212448783874517,6.6632742797140345e-09,207777.0,-0.7883217254570173,32000
0.038791890833526826,150.0,0.0,-10699.505057404866,1863.8379915066037,-0.10604731332510722,-21.885871576309214,6.838216430063434e-09,207658.0,-0.7996408768283642,33000
0.03510130912065509,150.0,0.0,-10648.741384785088,2372.6511307778446,-0.09596917775273325,-22.559719459533703,3.179159402982854e-09,207551.0,-0.7999722651626906,34000
0.03176138081029066,150.0,0.0,-11283.377565620354,2098.533016247594,-0.08680032441020022,-23.230163799285894,5.837149384388407e-09,207132.0,-0.7936931599666164,35000
0.02873981585167346,150.0,0.0,-8751.702591264362,1506.396402550433,-0.07853987934440362,-23.902606014251674,3.164858875727428e-09,208391.0,-0.7984765494170541,36000
0.02600516589172188,150.0,0.0,-8368.07290832093,2293.971129697152,-0.07107322058826704,-24.577535326003993,3.828518569004565e-09,207266.0,-0.798579456517901,37000
0.023531056806445082,150.0,0.0,-8916.992541411024,1468.6146866086235,-0.06429914691299218,-25.249535701751757,5.017100709832364e-09,207725.0,-0.7950706952580804,38000
0.02129204734973612,150.0,0.0,-8953.83304400353,1575.376460345203,-0.05820111910998836,-25.924757675170913,2.305100965688251e-09,207990.0,-0.7989704910447302,39000
0.01926620437949895,150.0,0.0,-8802.079041352212,1998.452219180396,-0.05265205702185631,-26.597705266952524,2.915723128465999e-09,207687.0,-0.8006557949690866,40000
0.017431825704872554,150.0,0.0,-9334.84588222433,1706.055704474548,-0.04764521956816319,-27.27242693710324,2.622643798619319e-09,207886.0,-0.7957612164948694,41000
0.015770971826277697,150.0,0.0,-8609.340161596147,2234.774323554398,-0.043091767441481445,-27.944513240814235,3.0252342055059363e-09,207637.0,-0.7916607630252112,42000
0.01426842990238219,150.0,0.0,-10508.270726959188,2618.5351256206536,-0.03899950768798585,-28.62175533676151,2.1627261333201363e-09,207988.0,-0.7916217485642782,43000
0.012908892801031477,150.0,0.0,-9593.225218471573,2394.845068737993,-0.03528051018714912,-29.2958789424896,1.8662039888116333e-09,207857.0,-0.796002194040069,44000
0.011678993611596496,150.0,0.0,-7959.714136984049,531.9255395916856,-0.03190685036219663,-29.96779111480716,2.3150587466942745e-09,206758.0,-0.7962701892166816,45000
0.01056625775992871,150.0,0.0,-8062.8603725577295,802.5472573658019,-0.028871199151501038,-30.64287979698179,1.7644866946164804e-09,207726.0,-0.8052876091539557,46000
0.00955950793623925,150.0,0.0,-8394.577210994092,2143.890761076402,-0.026122857427224554,-31.319684597015367,1.7691152417384525e-09,207492.0,-0.7961405623955143,47000
0.008648706461302925,150.0,0.0,-9453.389981758626,2505.3550194658133,-0.023625919202342624,-31.990426136016836,1.584180571174988e-09,207606.0,-0.8024362802542112,48000
0.007824670796282586,150.0,0.0,-10417.617303738643,2337.166278952644,-0.021378955671563716,-32.66823443603535,2.199302374553819e-09,207588.0,-0.7927535477518898,49000
0.007079195986036201,150.0,0.0,-9280.914990613956,2336.7542539890087,-0.019337458286434447,-33.33859259796143,1.2389753110374205e-09,207405.0,-0.7987988922216169,50000
0.006404687302187092,150.0,0.0,-10319.817198046207,2364.3844733584574,-0.017494606940075753,-34.01619879531857,1.526778656509018e-09,207382.0,-0.7960803848512954,51000
0.005794453314505519,150.0,0.0,-9703.233554743952,2134.82747124367,-0.015823860439471895,-34.68624658584596,1.3441908650983753e-09,207340.0,-0.8009947162007995,52000
0.005242362869903442,150.0,0.0,-8979.246495068783,1695.5119421598422,-0.014320420755073433,-35.36663962173461,1.4193395970994745e-09,207703.0,-0.7991042147296684,53000
0.0047428736514411925,150.0,0.0,-7452.240655354684,511.0809835961164,-0.012952175891958182,-36.03835160064703,1.4108845893343698e-09,207403.0,-0.7927761761269947,54000
0.004290970784611992,150.0,0.0,-9614.569174828366,2094.896506054806,-0.01171370104514062,-36.70973366928097,1.2399230461604418e-09,207899.0,-0.7951445762011817,55000
0.0038821657903026843,150.0,0.0,-11248.438878827643,2017.5586986073592,-0.01059764220379294,-37.386570323944156,1.2992416306804886e-09,207873.0,-0.7878271755779992,56000
0.003512281209928911,150.0,0.0,-8643.259505884449,1790.583538390419,-0.009585299559868869,-38.05808512115477,1.1513254837558489e-09,207400.0,-0.7973835231156724,57000
0.0031776352189481216,150.0,0.0,-9599.823306941293,2547.0819800141585,-0.008670326672494393,-38.73425743103037,1.1457619733395985e-09,207802.0,-0.7981602215887121,58000
0.0028748707333579693,150.0,0.0,-9414.16513675836,2696.0767391463783,-0.007844357043039062,-39.40714782333378,1.0913917611286853e-09,208206.0,-0.7951717943901199,59000
0.0026009513721801315,150.0,0.0,-9090.45147368775,1613.8412759236944,-0.007095235374290502,-40.080752899169845,9.940737207038406e-10,207995.0,-0.7991054545011633,60000
0.0023531259256415115,150.0,0.0,-10352.815607796525,2269.584447823629,-0.006417658118065434,-40.75993734359748,1.07298827599009e-09,207126.0,-0.7966398814235628,61000
0.0021289142151363232,150.0,0.0,-9531.919301222999,2356.3665418796054,-0.005807124687358727,-41.43551479339603,8.762838491667415e-10,207624.0,-0.7977788766706788,62000
0.001926067797816358,150.0,0.0,-8803.569878026889,1829.0771076573294,-0.005251082716975362,-42.11029979324341,9.187604269114688e-10,208328.0,-0.7937460268565056,63000
0.001742553562507966,150.0,0.0,-8047.218896628084,1839.083752535889,-0.004750130099244417,-42.78181423950197,9.858093889449767e-10,207438.0,-0.7933804819356464,64000
0.0015765299781924078,150.0,0.0,-8977.384279244714,2531.888748259361,-0.004295992452185602,-43.456421047210654,8.23266548464347e-10,208334.0,-0.7947485410323469,65000
0.0014263236375991251,150.0,0.0,-8527.363814547281,1878.3357010810157,-0.00388623585226014,-44.131917892455945,8.9332323760169e-10,207129.0,-0.7986588993056777,66000
0.001290425606304777,150.0,0.0,-9851.971353953231,1872.460449895877,-0.003513835620367897,-44.80602059555047,8.502032812565675e-10,207719.0,-0.797645460884422,67000
0.0011674758847802908,150.0,0.0,-9611.734595730577,2393.0472487493544,-0.0031777135520242206,-45.47507746887201,8.334168740565387e-10,207759.0,-0.8047347857797262,68000
0.0010562434690073149,150.0,0.0,-8632.648282215936,1824.5919703842565,-0.002872992412652823,-46.14618725967412,9.8880070372072e-10,207564.0,-0.8034197913291994,69000
0.0009556022343458605,150.0,0.0,-11324.685289010551,2015.9840213670402,-0.0025982720544561783,-46.82891420745844,7.816760564799419e-10,207623.0,-0.7985525359705464,70000
0.0008645487519097506,150.0,0.0,-10490.018935456246,2310.1851761608787,-0.002350511841708795,-47.4995771217345,7.494796870240175e-10,207917.0,-0.7909193996756138,71000
0.0007821761682280342,150.0,0.0,-9135.794447067794,1514.0973575810146,-0.002124698147643353,-48.17510741424562,6.972167095747881e-10,207658.0,-0.7971263760690185,72000
0.0007076512728235677,150.0,0.0,-9419.451509088778,2552.2687013065142,-0.0019206999425077796,-48.84936305999756,7.16567519012251e-10,206631.0,-0.7971055890961096,73000
0.0006402273109415545,150.0,0.0,-8940.236580786504,2446.1039904677737,-0.00173661875235848,-49.52375179290776,7.377030475704676e-10,207517.0,-0.7915557078098505,74000
0.0005792257860885009,150.0,0.0,-9026.218730296232,1843.423784016045,-0.0015690343193709858,-50.19625494003302,6.448742426220382e-10,207711.0,-0.7965102875348096,75000
0.0005240365457721063,150.0,0.0,-10127.751685379,2594.2771185004467,-0.0014190237905131675,-50.87468008804316,7.026132171437248e-10,207132.0,-0.7958822438701335,76000
0.00047410628941725017,150.0,0.0,-9399.221016988908,2324.194581128621,-0.0012830844435375182,-51.54781452560424,6.718571409023589e-10,207827.0,-0.7991872028680865,77000
0.0004289326055732082,150.0,0.0,-8157.695388372132,615.7399455495042,-0.0011608484131284062,-52.22919023895257,6.414974648531741e-10,207091.0,-0.7957372091979628,78000
0.00038806743340683144,150.0,0.0,-9164.514679444017,2557.2268473544814,-0.001047746415890286,-52.89732168197635,6.932871128590566e-10,207478.0,-0.7920919380610693,79000
0.00035109306999947943,150.0,0.0,-7630.559723674633,631.6290676305816,-0.0009473008053028027,-53.57662585830683,5.881203336017431e-10,207097.0,-0.7976432188998431,80000
0.0003176403992692944,150.0,0.0,-11351.035505613227,2178.1508186454384,-0.0008549154027132314,-54.24821800231923,6.39646371616147e-10,207903.0,-0.8000034840951779,81000
0.0002873738867056088,150.0,0.0,-9097.622987786188,1766.794976898927,-0.0007736279824748618,-54.92151259613035,5.839139436769949e-10,207505.0,-0.7937932692601223,82000
0.0002599913353333245,150.0,0.0,-9128.510256009078,2639.117751495155,-0.0006985818609246059,-55.59701897430415,6.051307355385908e-10,207009.0,-0.8057092956204863,83000
0.00023521794134285314,150.0,0.0,-9091.812620315273,1798.4761381980575,-0.0006305250931764017,-56.27990508651724,6.031017006874307e-10,207295.0,-0.8019310754782343,84000
0.0002128050943574633,150.0,0.0,-8647.398250967159,1709.7134316879924,-0.0005682481439143881,-56.94726854705815,6.703153327333721e-10,207774.0,-0.7915821545365397,85000
0.0001925278644775971,150.0,0.0,-8051.763877027183,515.3130079702391,-0.0005136351546680091,-57.614926963806084,5.127488290311573e-10,207514.0,-0.7905799603988005,86000
0.0001741827593068593,150.0,0.0,-9336.993502909178,2241.312004292425,-0.0004639885142678393,-58.28846533966066,5.350468386114079e-10,207785.0,-0.7900727371812317,87000
0.00015758567620650845,150.0,0.0,-8761.16327628322,2020.0636270624439,-0.0004184832470491535,-58.97178329467777,5.39783354709146e-10,207119.0,-0.8005158902610339,88000
0.0001425700540421527,150.0,0.0,-10620.692231868088,1720.2452560320844,-0.00037808731611585245,-59.63648168945312,5.520075825535264e-10,207285.0,-0.7936605718825333,89000
0.00012898520210001188,150.0,0.0,-10349.515926265,2390.9453239590775,-0.00033985842100810366,-60.313476516723675,5.419570415048098e-10,207422.0,-0.7926750852463537,90000
0.00011669478822295783,150.0,0.0,-9555.48853894376,2206.2805595460154,-0.0003071687697665771,-60.982401916503946,5.25659576153594e-10,208044.0,-0.8027657392307839,91000
0.00010557547322969196,150.0,0.0,-8735.635121111483,2050.164479210526,-0.000277195943766856,-61.66474433898913,5.30418548199893e-10,207302.0,-0.7890068733878203,92000
9.551566634036141e-05,150.0,0.0,-10305.093031033295,2488.673237342891,-0.0002505050332983955,-62.33873772048957,4.885161293700222e-10,206989.0,-0.7947069733517451,93000
8.641441301733724e-05,150.0,0.0,-8281.126382364218,2116.2809842142588,-0.00022475641049095462,-63.00724227142343,4.991334750592904e-10,207894.0,-0.8014392058791284,94000
7.818037630931932e-05,150.0,0.0,-8945.204453972077,2211.997953703368,-0.0002019076889264398,-63.69262878036509,4.904515173327625e-10,207869.0,-0.8053721598381788,95000
7.073092347127369e-05,150.0,0.0,-8780.229936940592,1732.3027877523107,-0.00018152571919199514,-64.35498701477042,5.026508770045182e-10,207541.0,-0.7907902808227942,96000
6.399129538112904e-05,150.0,0.0,-10267.634112210226,2222.0861841408437,-0.00016298783093952798,-65.04083592224126,4.944862804587981e-10,207650.0,-0.7973366331412763,97000
5.7893855988368196e-05,150.0,0.0,-10229.375441068458,2322.4374092367425,-0.0001466537788728603,-65.70272226715083,4.677679346972577e-10,207220.0,-0.8020625359572401,98000
5.2377414067450456e-05,150.0,0.0,-8400.087194740341,1952.6531789031533,-0.0001312855426658647,-66.38858939361576,4.6225945408724054e-10,207738.0,-0.795524787959142,99000
4.7386608501256e-05,150.0,0.0,-8839.571908874646,1626.1828860803396,-0.00011793911305721834,-67.05326808929449,4.794416112469816e-10,207473.0,-0.7966002493520213,100000
4.287135358390512e-05,150.0,0.0,-10953.870715484238,1860.7003038117873,-0.00010576286196010183,-67.73421141815166,4.6521032310859646e-10,207778.0,-0.8000000710530542,101000
3.8786336703196856e-05,150.0,0.0,-9071.115857261544,1209.5049611090371,-9.586423632572402e-05,-68.4058408737184,4.4141709217016073e-10,207729.0,-0.8010481174710391,102000
3.509056319671792e-05,150.0,0.0,-8925.25659360305,1589.6944212623898,-8.458322467049583e-05,-69.07503050231912,4.578763145362751e-10,207649.0,-0.8007536817858107,103000
3.174694326480673e-05,150.0,0.0,-9491.20249786975,2259.5623742802777,-7.532293146505236e-05,-69.7557784652709,5.027198024991699e-10,207343.0,-0.802359316104634,104000
2.8721921673422927e-05,150.0,0.0,-9722.226335956144,2246.168316824273,-6.880271058980694e-05,-70.42316694641094,3.9704687901983424e-10,207705.0,-0.7892618929063936,105000
2.598514052442625e-05,150.0,0.0,-9797.635959053476,2025.853652914354,-6.06322607491165e-05,-71.10634319305422,4.655846481214229e-10,207268.0,-0.8026439319427467,106000
2.3509134653068065e-05,150.0,0.0,-8438.494642880582,1770.5069555160462,-5.344943708041684e-05,-71.77844789886475,4.120656383489051e-10,207107.0,-0.8056239831188612,107000
2.1269055770972017e-05,150.0,0.0,-8653.145683558649,1829.655198050441,-4.788490601640654e-05,-72.45272389984147,4.703657091997122e-10,207958.0,-0.8014740735874242,108000
1.924242401400989e-05,150.0,0.0,-8721.781386533139,1817.7103105478163,-4.1808885605860235e-05,-73.12316503906278,4.4799988612072334e-10,207511.0,-0.7985089553498258,109000
1.7408900863301796e-05,150.0,0.0,-11323.319078219503,2137.7335907509378,-3.631492212662121e-05,-73.79357588958727,4.216312909002121e-10,208003.0,-0.7984894166878918,110000
1.5750085841318655e-05,150.0,0.0,-9367.39053603642,2107.7374870676695,-3.286757658861458e-05,-74.4711756362912,3.699376665252183e-10,207351.0,-0.7902316564095454,111000
1.4249331599785381e-05,150.0,0.0,-9828.93958917133,2163.0890424492795,-2.8163250201032477e-05,-75.15170929718025,4.0798680070626383e-10,207948.0,-0.7854516869044517,112000
1.2891577616755979e-05,150.0,0.0,-8948.551577315504,1955.7374777969708,-2.4742117508139966e-05,-75.82653959655761,4.1919038937417123e-10,207237.0,-0.7956130211576949,113000
1.166319782259962e-05,150.0,0.0,-8649.007777998402,1913.9839762741983,-2.12638118664472e-05,-76.48960693359372,4.3368093943178187e-10,208206.0,-0.7962664132018173,114000
1.0551864867920817e-05,150.0,0.0,-8254.023922170418,1935.4815540856562,-1.771163399462238e-05,-77.1585354232787,4.928864860359945e-10,207696.0,-0.7925542335619958,115000
9.546425677399379e-06,150.0,0.0,-9598.407213523102,2519.2833795711845,-1.5803169731952954e-05,-77.83962122344977,3.7645972074265863e-10,208391.0,-0.7968019714084233,116000
8.636790096716137e-06,150.0,0.0,-9673.669562786254,1998.0386882988892,-1.2611831331014397e-05,-78.50503347778316,4.1028329657299933e-10,207727.0,-0.7955966828344011,117000
7.813829631231772e-06,150.0,0.0,-9622.728527539948,2503.1355538320367,-1.0993783627782236e-05,-79.17444111633296,3.753482499639632e-10,207460.0,-0.7940248026967736,118000
7.0692853037144214e-06,150.0,0.0,-8279.607575390915,1908.0895235067637,-8.911407780033209e-06,-79.85200708770724,3.7865289066740787e-10,207794.0,-0.7976184058570478,119000
6.395685290499382e-06,150.0,0.0,-8889.33293179414,1713.4313187703492,-7.140831157812504e-06,-80.52275049591071,4.077270706528271e-10,207850.0,-0.7974375478964881,120000
5.786269513464513e-06,150.0,0.0,-8828.825631708667,1930.137332070085,-5.76804361662653e-06,-81.18953381347666,3.6060779308021726e-10,207890.0,-0.7927232544323699,121000
5.23492219235777e-06,150.0,0.0,-10949.694704340418,2048.105748065235,-3.8838667232994345e-06,-81.85983491516133,3.647709643115822e-10,207981.0,-0.7991794857776894,122000
4.736110261092105e-06,150.0,0.0,-9201.486362022655,2283.702976781378,-3.444922988819611e-06,-82.52523868560792,3.703011550982259e-10,208158.0,-0.7957905416782199,123000
4.284827843548563e-06,150.0,0.0,-11602.81687458638,1530.000007559281,-2.461261871758325e-06,-83.20169754791253,3.6124371302018864e-10,207443.0,-0.7963118275394632,124000
3.876546083120053e-06,150.0,0.0,-8833.731223538329,1729.8288472285699,-1.2571731185744276e-06,-83.84805992126454,3.5374706945211953e-10,207578.0,-0.7909730809560203,125000
3.507167654333895e-06,150.0,0.0,-9351.29159232482,2426.4510085299344,1.573290753185574e-06,-84.5364283523561,3.724489774743422e-10,207770.0,-0.7914819700452176,126000
3.172985606852312e-06,150.0,0.0,-8569.61711704221,122.06535340802868,1.1076911951022338e-06,-85.2009205932616,3.2592355478974073e-10,207620.0,-0.7967154797762678,127000
2.870646238307017e-06,150.0,0.0,-10056.859901058906,2008.8442774086118,2.0783250934073305e-06,-85.85686949920675,3.5562259585253674e-10,206935.0,-0.7876903805736891,128000
2.5971153904720284e-06,150.0,0.0,-9948.462670138439,2082.801821568198,3.079436471580266e-06,-86.53757633972185,3.4645167926172715e-10,207292.0,-0.7975861654238209,129000
2.3496480846461094e-06,150.0,0.0,-8553.997467278548,1858.9680638890406,4.063005270381835e-06,-87.19655081939698,3.290310660545444e-10,207999.0,-0.7967941151623346,130000
2.125760776607417e-06,150.0,0.0,-11676.633957066038,1615.1847982621182,3.651137847555227e-06,-87.84275192260732,3.3862691626186015e-10,207481.0,-0.7920415687801369,131000
1.923206709761871e-06,150.0,0.0,-7991.567205117928,523.630001902405,4.35122316275737e-06,-88.49114461517316,3.324138214627971e-10,207276.0,-0.7944398066411145,132000
1.7399531037653986e-06,150.0,0.0,-9125.355063486504,1864.4754948695665,5.310060896590586e-06,-89.12521661376952,3.5093544306988256e-10,206854.0,-0.7892298396262639,133000
1.5741608901862468e-06,150.0,0.0,-8662.05060629248,1819.2810990591936,5.207328913456863e-06,-89.7920495681763,3.0422600857428494e-10,207986.0,-0.7825758323897692,134000
1.4241662603353692e-06,150.0,0.0,-9371.355524278693,2477.603324674277,6.537026530622824e-06,-90.42977723693845,3.4031188597205903e-10,207678.0,-0.795895247383357,135000
1.2884638946388805e-06,150.0,0.0,-11018.40335904522,2074.2962054102345,5.4031196866617365e-06,-91.07475215148924,3.093484560109946e-10,207440.0,-0.7888640398742359,136000
1.1656920319182988e-06,150.0,0.0,-10726.124683117396,1910.6779195723873,6.714750996252416e-06,-91.70568587493887,3.181266080161917e-10,207009.0,-0.7927183401934849,137000
1.05462436158632e-06,150.0,0.0,-10015.629144117232,2463.156522636507,7.397739030693626e-06,-92.20152083587651,3.288225832774954e-10,207053.0,-0.7832494173513412,138000
9.541960665728736e-07,150.0,0.0,-9527.34630436305,2297.8951899833996,6.583751076277614e-06,-92.80223361968989,3.104361393723411e-10,207155.0,-0.7853572827594955,139000
8.632775298451637e-07,150.0,0.0,-8790.727384757225,2160.2205825562323,6.877639857520988e-06,-93.51904423522963,3.2071178555958036e-10,208032.0,-0.7868774105201584,140000
7.810622855117802e-07,150.0,0.0,-8967.364697546222,1951.6927742418889,7.294185304772325e-06,-93.9804515075686,3.145770922398371e-10,207512.0,-0.7835362460086653,141000
7.067468044397171e-07,150.0,0.0,-10204.493178532395,2402.268992259327,7.750350774585982e-06,-94.35563037109382,3.0047511595607974e-10,207690.0,-0.777937247796048,142000
6.394998982841585e-07,150.0,0.0,-9274.18204038331,2527.922814860111,8.02311325367099e-06,-94.9281321182251,3.0596327913520095e-10,207053.0,-0.792653870545671,143000
5.78595018851048e-07,150.0,0.0,-10414.637211877714,2097.7751028825633,7.480757468329109e-06,-95.56911653137223,3.1422174743851024e-10,207702.0,-0.7830973601084296,144000
5.235328616777231e-07,150.0,0.0,-8761.603544329566,2256.486419221674,7.77806165422135e-06,-95.93143894958496,2.8517914125612446e-10,207569.0,-0.7971438001028874,145000
4.738789792781964e-07,150.0,0.0,-9760.2657559175,2031.610780592811,7.729688717517983e-06,-96.2386272430419,3.0816477832257594e-10,207355.0,-0.7812365438146944,146000
4.287965363687367e-07,150.0,0.0,-9540.059519388371,2584.699749093699,8.03602335486175e-06,-96.91147898101829,3.15055051404055e-10,207237.0,-0.7725366472969316,147000
3.8817625693354905e-07,150.0,0.0,-9795.796080352671,2662.0957240171333,7.427890941755772e-06,-96.71557318115248,2.713922884500256e-10,207469.0,-0.7662505636734237,148000
3.514172175869133e-07,150.0,0.0,-7963.691669981296,614.2969729617483,8.435797492552398e-06,-96.7325854492188,2.970624116030262e-10,207475.0,-0.7767043653328844,149000
3.1818073611589166e-07,150.0,0.0,-11709.754768498808,2211.2620946295237,8.268335865693631e-06,-96.97774481964117,2.726452344474139e-10,207490.0,-0.7655121993017557,150000
2.8795549326332534e-07,150.0,0.0,-8270.900080277297,695.2686407951865,8.964632257686818e-06,-97.67266691589353,2.845377520301071e-10,208031.0,-0.7747140731400547,151000
2.605158514938929e-07,150.0,0.0,-9979.10270900155,2194.5725340735194,8.53411082334788e-06,-99.38193359375002,2.7049489692413574e-10,207413.0,-0.7743948166606633,152000
2.3565284048743273e-07,150.0,0.0,-7839.245807635089,532.5164106848556,7.984052083543248e-06,-99.21443502807622,2.7496322578795384e-10,207671.0,-0.7805595237515537,153000
2.1333085092578592e-07,150.0,0.0,-10108.320475342869,2983.437676812742,9.221729754131052e-06,-98.96273625183106,2.7164907736654574e-10,207649.0,-0.7775153471938457,154000
1.9324063589465372e-07,150.0,0.0,-8957.201694040405,2566.033745257695,9.052221261470101e-06,-98.07014301300042,2.801361473898756e-10,206902.0,-0.7756624262371742,155000
1.7501248422036014e-07,150.0,0.0,-11444.645210146648,3141.7448085638835,8.81081537355044e-06,-98.79592407989495,2.688755162930281e-10,207126.0,-0.7659685617285733,156000
1.5827874030094336e-07,150.0,0.0,-8068.301022739353,532.9797993299961,7.578370530296751e-06,-100.6769590759276,2.617681422035884e-10,207472.0,-0.7687017465868337,157000
1.4327695849658527e-07,150.0,0.0,-10341.45898235044,2188.555419508691,8.43095874745359e-06,-98.97914725494383,2.8798946467498135e-10,207314.0,-0.7686583088352612,158000
1.2988012731796058e-07,150.0,0.0,-11591.935781430153,2946.0173104663672,8.487476384544824e-06,-97.28144540405266,2.6539343121701944e-10,207826.0,-0.7582489132479571,159000
1.1768117324351136e-07,150.0,0.0,-8966.755631864198,2410.4263997473277,7.748157480236274e-06,-97.40182023620612,2.544912189070095e-10,207015.0,-0.7646501357105863,160000
1.0653053289644288e-07,150.0,0.0,-10376.700193098592,2796.265566275668,8.049204239014798e-06,-98.7513021316529,2.8153497747332384e-10,207801.0,-0.7684915543352469,161000
9.63859863745143e-08,150.0,0.0,-12207.715371831484,2521.9890798454912,9.075305619433034e-06,-98.73694288635257,2.6210319920136e-10,207799.0,-0.7700232794719459,162000
8.727168455635572e-08,150.0,0.0,-13587.278103212137,2184.70297406132,7.243429142590676e-06,-98.45894200897234,2.5086199855026244e-10,207452.0,-0.7635414801161116,163000
7.905788294237952e-08,150.0,0.0,-7936.684201657363,232.3972849889691,8.393571661684972e-06,-96.57236168670634,2.5798841872233843e-10,207274.0,-0.7721079804122031,164000
7.168761838727284e-08,150.0,0.0,-12463.451982551154,2013.2239699996828,8.175340840743655e-06,-95.47471764373769,2.558749597732566e-10,207684.0,-0.757772053739987,165000
6.492481605135942e-08,150.0,0.0,-6379.537075208034,722.0516759575931,8.43929390011055e-06,-95.82265306854238,2.6547397933424137e-10,207723.0,-0.7529123047664293,166000
5.893727908201635e-08,150.0,0.0,-9967.113031722474,2222.290421672058,8.143178462667322e-06,-89.80048722076408,2.664479785865866e-10,207739.0,-0.7505038581853839,167000
5.352161084459794e-08,150.0,0.0,-5366.992242437713,450.23286681598313,8.070046174601986e-06,-88.20072166442868,2.548055304101575e-10,207855.0,-0.7265111176343879,168000
4.8660862933758206e-08,150.0,0.0,-8023.505152928633,1352.469793636369,8.48926384714942e-06,-84.88436950683563,2.3510767390658796e-10,207446.0,-0.7444253290506042,169000
4.4136067380407033e-08,150.0,0.0,-6104.597421335527,803.6400936656675,7.952679015248863e-06,-82.18259635162345,2.689477791245968e-10,207431.0,-0.7275602319727096,170000
4.0133086429250364e-08,150.0,0.0,-5326.095631770988,490.1126787557576,7.823676162480806e-06,-80.30230232238766,2.2598763223810962e-10,207952.0,-0.7344259240631715,171000
3.645110652783488e-08,150.0,0.0,-7968.630892120467,1758.4666624336678,9.050099524268184e-06,-74.20170611572263,2.55966576289713e-10,207900.0,-0.7347264194548138,172000
3.331822383145781e-08,150.0,0.0,-7678.242262263378,1012.5582664580623,7.992408421555899e-06,-64.90995372772213,2.7402101122333783e-10,207298.0,-0.7244038319964773,173000
3.052424385074918e-08,150.0,0.0,-6537.292157058966,159.90062114828754,8.064998013327177e-06,-57.19417140960694,2.8525263926892205e-10,207919.0,-0.702974254232454,174000
2.7891838133342614e-08,150.0,0.0,-5881.895788072324,678.8869855611803,8.516825772779245e-06,-56.73102376937864,2.266842360812949e-10,207275.0,-0.7128178161844062,175000
2.5272904322193287e-08,150.0,0.0,-6389.244482806786,717.2516916813527,8.224017792302985e-06,-59.36201325607307,2.292954396992083e-10,207829.0,-0.7280913829630814,176000
2.2941080885630084e-08,150.0,0.0,-6305.12109316398,1025.0327949018672,7.573568135949656e-06,-55.28528395462034,2.326556712416596e-10,207689.0,-0.7245798485977026,177000
2.0911898721109846e-08,150.0,0.0,-5472.016942251875,318.34539728884766,8.020226098205174e-06,-49.74117232894902,2.426100795065689e-10,206873.0,-0.7331833065284006,178000
1.9020791205193197e-08,150.0,0.0,-7733.338449815223,1527.306158990072,7.878592454209948e-06,-50.59222607040408,2.291742999049405e-10,207596.0,-0.7295048165168071,179000
1.728795103161931e-08,150.0,0.0,-7485.006188063004,1053.8925981091033,8.979850679264003e-06,-46.503272399902386,4.014981903974891e-10,207758.0,-0.7289577290388595,180000
1.5805834886251088e-08,150.0,0.0,-3600.1297877500997,1359.8647426660061,6.7809205721616124e-06,-41.77041106796275,2.0015393171948098e-10,207768.0,-0.7135405189449511,181000
1.4385209762046717e-08,150.0,0.0,-5726.950042621584,340.477791103871,8.161133589405604e-06,-38.67262593460086,2.2920124125936213e-10,207515.0,-0.7271321884645779,182000
1.330186120362955e-08,150.0,0.0,-10590.77626923476,5374.868657165075,7.651200299331876e-06,-27.772614239692736,2.17520861557716e-10,207308.0,-0.7053135789124659,183000
1.233948858736512e-08,150.0,0.0,-15070.005410670117,3889.8820544182963,7.968801814179484e-06,-21.242262771606487,2.1366205693357415e-10,207994.0,-0.7056971636992933,184000
1.1460345947789113e-08,150.0,0.0,-9981.579031150573,4039.534499455302,8.027065233363834e-06,-19.120054748535157,2.330315208767114e-10,207697.0,-0.7220533524174535,185000
1.0640190300392794e-08,150.0,0.0,-12189.944760739952,4731.177771065932,8.169321722846215e-06,-13.213756155997505,2.1538362603417556e-10,206955.0,-0.7345144964515705,186000
1.0077776959604996e-08,150.0,0.0,-14079.647603738145,4823.999677233471,8.104425176274073e-06,-5.100875420689576,2.2922308232911332e-10,207866.0,-0.7377079373146231,187000
1.0556796878447016e-08,150.0,0.0,-10040.45936708659,2741.41328563924,7.06757005946201e-06,16.710374801754963,2.076015840394256e-10,207887.0,-0.7298938177743928,188000
1.1631954239810208e-08,150.0,0.0,-13248.783906630042,4194.636382056132,7.482074010283649e-06,8.000468259632589,2.2675511124055183e-10,206686.0,-0.7079002647129575,189000
1.1803645104890833e-08,150.0,0.0,-14586.978374602946,176.52174837882913,7.642810006121439e-06,-1.400744065880776,2.0990084937310908e-10,208140.0,-0.7088992041187696,190000
1.2014762244660913e-08,150.0,0.0,-9740.019344950173,3213.425437259997,8.319297222993074e-06,4.642563130885363,2.383660734125302e-10,207274.0,-0.7328145613754748,191000
1.3285839867371852e-08,150.0,0.0,-10489.575314980219,3065.0390251892672,7.168707186970364e-06,15.194831309020508,1.9916895666223497e-10,208053.0,-0.7007412777619686,192000
1.5268978414972855e-08,150.0,0.0,-7816.946453964915,2710.8340142618345,7.048047864003593e-06,20.26492188453677,2.1291923878131661e-10,208175.0,-0.7107138501475239,193000
1.6971136856724897e-08,150.0,0.0,-12163.068794045907,2824.5416113373444,8.211027013096873e-06,16.413691485255956,2.1168210584746066e-10,206998.0,-0.7199603035017397,194000
1.788210320263766e-08,150.0,0.0,-12916.608612741305,5048.109738288962,7.366049246506632e-06,7.063056348204615,2.2050633864808755e-10,207200.0,-0.7281490836932979,195000
1.949576271620401e-08,150.0,0.0,-6628.202008887206,2793.7218251397894,7.418020087719409e-06,15.006790129482745,2.1396474984294024e-10,208118.0,-0.7648801846178347,196000
2.1721382143624603e-08,150.0,0.0,-14269.063857982877,5160.38121178357,7.311584169897858e-06,15.84888514876372,1.9748785697352676e-10,208018.0,-0.7411808022644927,197000
2.3066217883283038e-08,150.0,0.0,-16096.169374782392,5035.0993564432265,7.59592106609119e-06,1.294198130100966,2.1022313174349633e-10,207359.0,-0.7558724055950461,198000
2.2470834213805823e-08,150.0,0.0,-5160.8353361317295,630.9366094110522,7.449698013594757e-06,-4.3746031227409885,2.1117363238967745e-10,207894.0,-0.7446056470165912,199000
2.1027308953591703e-08,150.0,0.0,-11762.76251527914,3783.910304441205,7.918285977090976e-06,-4.8645043557882355,2.1402404107610444e-10,207892.0,-0.7336911765517549,200000
1.946604481162237e-08,150.0,0.0,-10663.030170999826,1094.0746314758123,7.288917174314236e-06,-8.5319908588529,2.079039401563489e-10,208194.0,-0.7760517418374587,201000
1.7296694945656528e-08,150.0,0.0,-8269.674948657728,173.23555666334886,7.758270863028835e-06,-13.045050163149815,2.0481706560155144e-10,207225.0,-0.7420213237297996,202000
1.5095538830500714e-08,150.0,0.0,-3951.705839913209,1668.1735546433788,7.388027860198309e-06,-22.64610701751709,2.2663169844125764e-10,208318.0,-0.7229074990105817,203000
1.3453597898838149e-08,150.0,0.0,-7138.669964955216,2076.0374256849123,7.285597689399728e-06,-19.756068145751957,1.8949497040347156e-10,207372.0,-0.7081673504392105,204000
1.2224168951746591e-08,150.0,0.0,-7329.998222613188,2086.7233164755808,7.306669438907673e-06,-19.509621828079197,2.0400351705769818e-10,207137.0,-0.7186556931074329,205000
1.1210261833483082e-08,150.0,0.0,-5017.704898050683,1711.994973169596,7.344405689085678e-06,-13.308799599230289,2.079152844647631e-10,208225.0,-0.7138963028974397,206000
1.0661059682171026e-08,150.0,0.0,-5441.439660129447,2411.6290589132964,6.965780809160539e-06,-1.634202084004879,1.9744722192535746e-10,206958.0,-0.6966392756028746,207000
1.1106755880341263e-08,150.0,0.0,-8642.089754937173,2335.967213152325,6.992033114272539e-06,8.140164014279836,2.1294595563031889e-10,207510.0,-0.6952764179116437,208000
1.2218707702515993e-08,150.0,0.0,-7822.685146821415,2342.3476031764053,7.217931237594406e-06,10.09234769386054,1.8885326124175128e-10,208256.0,-0.7054002146251874,209000
1.3392795133349008e-08,150.0,0.0,-7895.0543039842505,1525.2257541996753,8.248260013605339e-06,7.73550647643208,2.02171300944928e-10,207750.0,-0.6979901430887615,210000
1.440206433489522e-08,150.0,0.0,-6521.076726831649,2013.992733585474,6.791697824500176e-06,8.394917764931918,1.9957642539384245e-10,207631.0,-0.6962814389538043,211000
1.5424141642128598e-08,150.0,0.0,-8654.990322959255,2735.875361943089,7.283244925190502e-06,1.7307050935328014,1.9966691372735712e-10,207520.0,-0.7127505070252087,212000
1.5095715514945577e-08,150.0,0.0,-10537.44368832149,2697.6474097565747,7.4884064279707776e-06,-2.6286370716393086,2.0652730346802485e-10,207178.0,-0.7290570723167228,213000
1.4723535021410337e-08,150.0,0.0,-8508.882141843698,2044.945023352614,7.888555817434192e-06,-1.3034713485538967,1.9398736402745547e-10,207498.0,-0.7314994191119009,214000
1.4490107487219471e-08,150.0,0.0,-10285.770734113776,4123.392564501185,7.0346497605910965e-06,0.1231752734482293,1.8929465378080718e-10,207796.0,-0.7095068437627584,215000
1.5257433363835536e-08,150.0,0.0,-12007.951985231979,4554.74542656946,7.391297688897666e-06,6.8493877278566355,1.949263298440132e-10,207013.0,-0.7100048166876571,216000
1.6902343245917016e-08,150.0,0.0,-11489.814105588433,5033.188532386882,7.632628436198289e-06,4.135642661929131,2.039113960304202e-10,207622.0,-0.7147252240189691,217000
1.7718516215126062e-08,150.0,0.0,-14595.269598056631,3312.3979134634624,7.3928648072580875e-06,2.7634986278414777,1.908365175503887e-10,207294.0,-0.721437761658821,218000
1.7106379152309626e-08,150.0,0.0,-7687.173688254676,738.5986540610108,7.227381719395963e-06,-10.294052244305604,2.028333350718827e-10,207309.0,-0.7243414112339567,219000
1.487314095971473e-08,150.0,0.0,-5808.322048364647,1947.572794422213,6.62938154851034e-06,-13.82384345796705,1.8600935252732612e-10,207269.0,-0.7007566157593682,220000
1.4484708565909457e-08,150.0,0.0,-7337.818288963996,2293.6993774623106,7.82667864487153e-06,5.620894908905031,1.968831810271683e-10,207475.0,-0.7168603603828774,221000
1.4827752150559065e-08,150.0,0.0,-12918.325433791186,5351.914098965917,6.797191224851677e-06,-1.7259763999283337,1.9138629326427526e-10,207393.0,-0.6860860794727655,222000
1.4053229685728746e-08,150.0,0.0,-6259.143063642097,915.4860156214032,7.74917419834153e-06,-6.1477515669464955,1.949379480144142e-10,207575.0,-0.7197530925003935,223000
1.2844928840571866e-08,150.0,0.0,-17276.928314341305,561.2401536985715,7.404711501550296e-06,-5.079028648316856,1.895278775134508e-10,207899.0,-0.695607974749723,224000
1.1963024752148504e-08,150.0,0.0,-14993.995449843478,5409.638906927431,7.05325829538951e-06,-4.681145298361772,1.8572159370903315e-10,207192.0,-0.6732259535918733,225000
1.0836833354233e-08,150.0,0.0,-11890.715439231626,3804.372968473415,6.771992175515605e-06,-14.46210044574735,1.9686055556555088e-10,207892.0,-0.6951910317477346,226000
9.972515724321314e-09,150.0,0.0,-6815.020385898361,1714.303317517461,6.673691207772951e-06,-1.567106348648667,1.8999381253166608e-10,207067.0,-0.6979155115245878,227000
1.0168931251719484e-08,150.0,0.0,-7449.119732157499,4061.915988740306,7.257622731376755e-06,2.826525553017854,1.9159391409376615e-10,207859.0,-0.693635667982753,228000
1.0678507594619185e-08,150.0,0.0,-4791.423445141115,134.7773844411679,6.784333948012034e-06,2.681526849240064,1.8564546277392675e-10,208058.0,-0.7105301671046788,229000
1.0838257735734676e-08,150.0,0.0,-10872.086200843387,844.4125896700625,7.136215072847565e-06,2.446454168260096,1.8981058598846171e-10,208100.0,-0.694630581256601,230000
1.1560906624907826e-08,150.0,0.0,-6507.75326207829,349.780810725118,7.3210754694059456e-06,2.1874002195894695,1.9103213613768946e-10,208442.0,-0.7051079736074204,231000
1.2363186204567004e-08,150.0,0.0,-5353.270325087119,920.5126833858983,7.57201058878822e-06,3.380143372833729,1.7796621506853388e-10,207548.0,-0.7012536513313403,232000
1.2728478418821967e-08,150.0,0.0,-5195.77595322724,766.43290632079,7.162201662964647e-06,3.403603370398277,1.8530591785201673e-10,207449.0,-0.7042086839947285,233000
1.3991185752182392e-08,150.0,0.0,-5614.181739735206,699.0790520956041,7.460520486841211e-06,5.60140042877197,1.7872662824789794e-10,206962.0,-0.7029600834157014,234000
1.411391720740341e-08,150.0,0.0,-4425.9850892176455,596.2918321232897,7.347817459592662e-06,-5.85300189918279,1.8529464993616272e-10,207728.0,-0.7045743287523897,235000
1.300394712977494e-08,150.0,0.0,-5076.104196974856,823.7132543199801,6.787755872583288e-06,-2.013069316759708,1.8096638337535645e-10,207433.0,-0.6815114246908762,236000
1.3755456502728706e-08,150.0,0.0,-6910.08619064635,830.6366354024693,7.329028159453798e-06,9.071722378015526,1.8600291854572372e-10,207856.0,-0.6978304908086683,237000
1.4788806652177313e-08,150.0,0.0,-3835.163953931773,305.46428365686415,7.067964924036829e-06,2.3101773805320263,1.7941810091207276e-10,207620.0,-0.6964869917231207,238000
1.585339751031258e-08,150.0,0.0,-3312.065498680601,349.9816323465312,7.235085284420957e-06,5.418192855834951,1.7588519242938376e-10,207725.0,-0.680471005829065,239000
1.6446976278672328e-08,150.0,0.0,-3462.7034724718105,263.61332971414043,7.345293682725179e-06,0.7864485954940319,1.8322167534231627e-10,208147.0,-0.6831626240782515,240000
1.6531628489246905e-08,150.0,0.0,-3845.9639162265184,964.9100180477446,7.1358192967352424e-06,1.2934358944296815,1.803277082762203e-10,207007.0,-0.6810882387121501,241000
1.739505730036229e-08,150.0,0.0,-3615.0746188035637,624.5121426664941,7.039891171082504e-06,1.9599776961505364,1.7911873601667802e-10,207605.0,-0.6896578892693415,242000
1.835946543593537e-08,150.0,0.0,-5368.514082739981,1376.4585187636744,6.8737673193979495e-06,6.099436217248443,1.7285116797474993e-10,208012.0,-0.6817518398559642,243000
2.064451209804474e-08,150.0,0.0,-4779.1440204293585,996.3281555435602,6.916171203101831e-06,8.760782823324224,1.795594413187911e-10,207012.0,-0.6765510372139992,244000
2.2187022583608482e-08,150.0,0.0,-3898.5696067223967,792.8492150089639,6.745214391649757e-06,2.227506789952527,1.726119882730988e-10,207187.0,-0.6657975091737506,245000
2.2882324293149742e-08,150.0,0.0,-3665.3874021045835,587.8606707778617,7.146512612656868e-06,3.1412310771644125,1.8823347221782875e-10,207970.0,-0.6723108604442912,246000
2.3741651425268634e-08,150.0,0.0,-4093.2677316785966,583.5058711566138,6.726936742737158e-06,0.16978754964470813,1.660755759280144e-10,207478.0,-0.673002850986787,247000
2.3276722659559798e-08,150.0,0.0,-3609.06505236976,358.9479946627539,6.860878633681003e-06,-0.7317710620611897,1.7396250141668906e-10,207087.0,-0.6697370296954935,248000
2.4464187449169167e-08,150.0,0.0,-4536.271567573027,1694.2743724615752,6.8908701084282615e-06,4.303705130249257,1.7327223194468264e-10,208617.0,-0.6855907285564787,249000
2.4365730796560548e-08,150.0,0.0,-2811.9054573121834,609.4057809636563,7.232979044111692e-06,-6.859881036341198,1.7514689045286279e-10,207424.0,-0.7151932467850225,250000
2.3545752695142137e-08,150.0,0.0,-2741.410818155853,429.280324013594,6.500063382588901e-06,2.2929560124278106,1.7162207692684508e-10,207855.0,-0.6831311992983938,251000
2.347624328891127e-08,150.0,0.0,-3046.9731917468803,982.1886659709219,6.731198810847149e-06,-2.6265487918108716,1.7065058647745205e-10,207536.0,-0.6974451341487309,252000
2.174697412016262e-08,150.0,0.0,-2554.8714043166447,891.1540295370299,7.294371276692856e-06,-6.788269643574958,1.8668227860850338e-10,206769.0,-0.6888801958227635,253000
2.003130453509532e-08,150.0,0.0,-2666.778967746417,322.47533822822817,6.901883242903758e-06,-3.6856663163602406,1.701749950168158e-10,207568.0,-0.6950607251936508,254000
2.010371806981938e-08,150.0,0.0,-3147.518751079886,442.90625090104623,7.314422742318539e-06,2.1983129642307784,1.7161898510523275e-10,207714.0,-0.7106860165316579,255000
1.9395705846747526e-08,150.0,0.0,-3306.1178375775016,249.7392989523432,6.352556471043159e-06,-3.904127616137268,1.6815846707067226e-10,207534.0,-0.7089207826113493,256000
1.8894091571297593e-08,150.0,0.0,-4554.790040081986,462.5013838614825,6.90431550377468e-06,0.08315154108405129,1.765412824823296e-10,207227.0,-0.7105797090660453,257000
1.8714160153976398e-08,150.0,0.0,-4333.154245762149,697.2095520545114,7.0899238378103755e-06,1.411301787585021,1.690840753909684e-10,207731.0,-0.7258103190045962,258000
1.941734456423203e-08,150.0,0.0,-4490.611944620045,355.1669158016064,7.167224705654012e-06,-0.24256352946162285,1.6426677613761925e-10,207375.0,-0.7481001956630186,259000
1.9001633759785343e-08,150.0,0.0,-3537.87315849479,1086.4132587792221,6.566089231917258e-06,-0.37757919630408404,1.667387975485411e-10,207424.0,-0.7340339914643987,260000
1.8744801032255474e-08,150.0,0.0,-4558.261199161365,1580.9071302687014,7.108273458641181e-06,-1.8056740342527637,1.6613358715859886e-10,207909.0,-0.7289864170508363,261000
1.8819984443751956e-08,150.0,0.0,-5858.080493121556,1741.4372205023783,7.06905226948607e-06,3.6559841113090483,1.754308218175013e-10,207394.0,-0.7444795760989988,262000
2.1159146191607192e-08,150.0,0.0,-3184.732272445065,860.8062894489638,6.915832946923204e-06,9.29826709482073,1.5625082252319543e-10,208238.0,-0.7658455594783461,263000
2.359657685602204e-08,150.0,0.0,-3281.6137206872236,1588.483432738736,5.84223039303566e-06,8.225397729665035,1.6661788669321098e-10,208315.0,-0.7380869914562487,264000
2.4039408668130575e-08,150.0,0.0,-3208.0264745249588,1583.8782171265163,6.241962714298661e-06,-2.7825607778728023,1.6557499622510838e-10,207951.0,-0.7311731552859689,265000
2.2771708827917793e-08,150.0,0.0,-2935.9850508432874,1070.3524437735616,6.797938208194411e-06,-5.580704028993833,1.6433741413448141e-10,208099.0,-0.7076355080328676,266000
2.1319064716251945e-08,150.0,0.0,-5306.484688275489,1865.1765570588302,6.681023878776671e-06,-0.8165592708587667,1.686796882657824e-10,207442.0,-0.7242497887740809,267000
2.0554857611543364e-08,150.0,0.0,-3445.680317839172,1051.6462871818408,6.9451485167206734e-06,-2.7004050498455676,1.5663259786110096e-10,208069.0,-0.6923865879386188,268000
2.0832473691001524e-08,150.0,0.0,-3699.2256384410525,1319.7835211888043,6.4824795937710145e-06,1.0138769487142532,1.6717021512208108e-10,207286.0,-0.7298971543129837,269000
2.0125450250319046e-08,150.0,0.0,-4571.469943697726,875.6115521753144,7.113465400166771e-06,-2.7246324256360475,1.6536511780339187e-10,207388.0,-0.7524856616690037,270000
1.862951186737405e-08,150.0,0.0,-6542.930031809812,823.2102712408066,6.963721449956504e-06,-2.7054065618216865,1.639027276406503e-10,207628.0,-0.7179876341221645,271000
1.7907001788941512e-08,150.0,0.0,-8009.540543223336,2351.0817086637276,6.321153537811602e-06,-1.1115274436473792,1.6150926639786537e-10,207406.0,-0.7253931690854294,272000
1.832460147710431e-08,150.0,0.0,-3684.418655796117,1263.3431104427748,6.157795413443515e-06,0.5244831220954652,1.579502829048614e-10,207352.0,-0.7490402200544676,273000
1.8714575636735736e-08,150.0,0.0,-4608.991660138361,1624.7724977736996,6.288972699941548e-06,2.9829900313317768,1.601829113672845e-10,207507.0,-0.7316478490336326,274000
2.0058218192176036e-08,150.0,0.0,-6766.459481255127,1639.784223678471,6.287358483753281e-06,2.628887224406007,1.6062062175475113e-10,207605.0,-0.7358194223433585,275000
2.0467959583214678e-08,150.0,0.0,-3800.3324209312414,1353.1166433841581,7.243972734706011e-06,-0.9549852505922312,1.5792055430246927e-10,207572.0,-0.7420779706582298,276000
2.031252791390161e-08,150.0,0.0,-4394.703019465141,1178.7644733309355,6.741107211610158e-06,0.5655191299319252,1.6293776535311258e-10,207057.0,-0.7506800944656851,277000
1.9757316584545475e-08,150.0,0.0,-4502.122573532188,253.43290059809542,6.576468582849778e-06,-0.37863168820738613,1.6098819113886077e-10,208027.0,-0.7571299562809282,278000
2.0129565580617712e-08,150.0,0.0,-3276.3378710277093,1067.9569136111938,7.062244148812631e-06,-1.7716696570515622,1.511619499287202e-10,207557.0,-0.7487630392222607,279000
1.8928306703358528e-08,150.0,0.0,-3006.4554195548308,1479.002215074667,6.7956257984818105e-06,-1.298710879325862,1.558931278903311e-10,208163.0,-0.7151784702373217,280000
1.8549907807141647e-08,150.0,0.0,-2544.6792729723984,1146.5077461270946,7.297519958619604e-06,-0.38708878426253307,1.6378718753419696e-10,207912.0,-0.7434385173162475,281000
1.9002245300825418e-08,150.0,0.0,-3217.578932627932,1658.9861540670452,6.083401209778572e-06,1.2431083923280266,1.5194849888164252e-10,207881.0,-0.7325999768005419,282000
1.9758279494297462e-08,150.0,0.0,-4124.181166569075,276.0000791241003,6.872732251927983e-06,0.8736717241406466,1.532584167607788e-10,207708.0,-0.7495080091406248,283000
1.9502500977708345e-08,150.0,0.0,-3025.878794391495,1470.2563814867538,6.336300248413798e-06,-0.25466413444280583,1.6329359485238685e-10,207367.0,-0.7339380693876507,284000
1.8639907546358373e-08,150.0,0.0,-3510.4061690267563,1951.0833882259042,6.973477080066467e-06,-3.5286823486387715,1.5482265138585411e-10,207881.0,-0.720232913699059,285000
1.8402384469595746e-08,150.0,0.0,-4885.284495240016,335.25897603763,6.406025582109004e-06,1.8722700975537316,1.561727127483624e-10,207915.0,-0.7236469100898688,286000
1.9660594633208403e-08,150.0,0.0,-3532.735462798116,1995.1562028998005,5.877610552630589e-06,2.7053058977425084,1.5592540525139875e-10,208148.0,-0.7208687321547745,287000
2.0409212453387235e-08,150.0,0.0,-4183.669580911095,2433.091342967084,6.37658580510702e-06,0.5504489398002667,1.521920731049334e-10,207752.0,-0.7243558334982848,288000
2.098022143748327e-08,150.0,0.0,-4062.873623765069,1424.0226532502843,5.858334512033984e-06,3.098018169879911,1.4895645950160512e-10,207348.0,-0.7206423330822469,289000
2.233510834059873e-08,150.0,0.0,-5337.736739506535,508.25591817839313,6.132974205385737e-06,3.1636857477724494,1.5738545871077225e-10,207349.0,-0.7324922506095705,290000
2.264510890270798e-08,150.0,0.0,-3323.7457680186685,1907.6661002919411,6.565277557385227e-06,-3.9218445912301494,1.5014297573029838e-10,208279.0,-0.7400681786096309,291000
2.166477438869666e-08,150.0,0.0,-2526.843748275231,1836.0085143152457,7.047559476447423e-06,0.012044048175215462,1.5760067975439574e-10,207726.0,-0.7050138695837925,292000
2.140443556086779e-08,150.0,0.0,-5121.178654546247,849.480118207861,7.019064286275524e-06,-2.319804146468639,1.4836362750576392e-10,207444.0,-0.7034576565952302,293000
2.0501058955346708e-08,150.0,0.0,-4747.280651429809,205.58723855229758,6.427233815415436e-06,-1.4017971983701012,1.5513667575502476e-10,207921.0,-0.7091904694773925,294000
1.98398009558787e-08,150.0,0.0,-4018.5395744448456,1547.2568773943856,6.4023311740442095e-06,0.3016443990319968,1.5004639661872839e-10,207545.0,-0.7286805865908752,295000
2.0855074895465055e-08,150.0,0.0,-3498.4279482163997,1869.5481548016703,6.4778099127522665e-06,1.7466812971383308,1.474001937912565e-10,207669.0,-0.7313989011189023,296000
2.047401217986078e-08,150.0,0.0,-4831.25673510996,1560.7956683808814,6.748062157164729e-06,-0.7365492590963821,1.5183748352804873e-10,207520.0,-0.7330264462586717,297000
2.0651187098152938e-08,150.0,0.0,-4026.6950764938942,2066.2372245911993,6.882532511866645e-06,0.27835589396953664,1.4654472275244127e-10,207876.0,-0.6955500338290359,298000
2.0204967668746555e-08,150.0,0.0,-3150.773849178121,1924.8107462089215,6.734108910542604e-06,-3.301459433943028,1.5204053181792728e-10,207181.0,-0.7105599910674784,299000
1.902039306678206e-08,150.0,0.0,-2829.3475113201366,1723.1142768101552,6.232009806730317e-06,1.1708784433007235,1.4494107478823708e-10,207805.0,-0.6925947859035702,300000
2.0586913453968244e-08,150.0,0.0,-3012.194103063516,998.433810297365,6.863101355413909e-06,4.557287348508827,1.489579713761071e-10,207577.0,-0.717915714157336,301000
2.2859357409643577e-08,150.0,0.0,-3908.2930510857614,1235.0330223094215,6.0976037082909424e-06,7.7515611619651335,1.446117418854371e-10,207716.0,-0.7197061044402473,302000
2.4234721342608653e-08,150.0,0.0,-4616.499967132825,1382.811065701109,6.42402750763437e-06,3.0261836934089574,1.5009472479189726e-10,208009.0,-0.7152245084146918,303000
2.509204325917833e-08,150.0,0.0,-2698.1836527047026,1497.1288543308729,6.625556175443129e-06,1.220379842519759,1.4311410670788924e-10,207592.0,-0.7277538067476028,304000
2.5424594960910003e-08,150.0,0.0,-3619.9669665057263,1618.8655009059473,6.764843110886434e-06,-1.5116376065611843,1.5058110930062995e-10,207658.0,-0.736488246505805,305000
2.4030592260970733e-08,150.0,0.0,-5867.958145359164,1892.9659504284405,6.7635912538293175e-06,-3.151912478655583,1.436958042135918e-10,207565.0,-0.7039861693575254,306000
2.287743896367538e-08,150.0,0.0,-5158.815513342047,2520.6824488475804,6.847212772612469e-06,-1.889372823685407,1.4452099030524986e-10,207210.0,-0.7070736605519906,307000
2.11520460648984e-08,150.0,0.0,-4902.943094822085,1370.330426081235,6.594831912941843e-06,-5.548334422588359,1.4142110479041278e-10,206998.0,-0.7027899917790942,308000
1.905102755728193e-08,150.0,0.0,-3704.270645021986,2140.2709146245584,6.5627923890190145e-06,-4.9264603717476225,1.4573107086129818e-10,207640.0,-0.682329340307693,309000
1.8788794280410986e-08,150.0,0.0,-4693.601052038123,3201.11633580381,6.1071668724324085e-06,2.165533882290125,1.4846724018745765e-10,207315.0,-0.6971030783248249,310000
1.98243915061624e-08,150.0,0.0,-5348.131526437572,3551.4318423593086,6.273227546493845e-06,0.282125457614667,1.4296398094938493e-10,207666.0,-0.7091491277949419,311000
1.9782199075280065e-08,150.0,0.0,-3875.8233482693963,2248.930954168607,6.045371730110107e-06,0.13900906813144948,1.4357162244309345e-10,208327.0,-0.7022979636087036,312000
1.874949586699871e-08,150.0,0.0,-8420.425665348983,3479.2347650655774,6.483023144816969e-06,-2.283054061859838,1.4451893462442916e-10,207745.0,-0.7022387924542018,313000
1.8975976750823533e-08,150.0,0.0,-5359.305458337496,3186.853397009179,6.106868051716685e-06,1.7417421522140502,1.3607458158697282e-10,207638.0,-0.7062426412173672,314000
1.9776853191544327e-08,150.0,0.0,-4747.3015443803315,3545.353828624226,5.9658560881743404e-06,2.1396584170162627,1.4359789740896644e-10,207281.0,-0.6990344786835683,315000
2.067294567176251e-08,150.0,0.0,-4334.578760446801,2973.9998760608996,5.68802399206446e-06,0.41350292018056084,1.376975470021363e-10,208075.0,-0.7119618883815857,316000
2.1337472704274778e-08,150.0,0.0,-3104.327638122456,2475.6924925737344,6.531996796482525e-06,1.8667060267925228,1.481492853809857e-10,208102.0,-0.6948281549488841,317000
2.165845568846685e-08,150.0,0.0,-5432.407970422619,2863.471360730936,5.7540175743042685e-06,0.20334084886312428,1.3489537324445607e-10,208038.0,-0.7024943957738301,318000
2.200528309082014e-08,150.0,0.0,-5959.424968735335,74.82641370889657,6.049501355860802e-06,0.8051541823297759,1.3916307035357333e-10,207821.0,-0.7102444965522184,319000
2.1947326896309925e-08,150.0,0.0,-5365.604078799288,1552.1025302105536,6.272765906295778e-06,-1.0030542185306544,1.4067828996172272e-10,207934.0,-0.7238728969452296,320000
2.1517973223694724e-08,150.0,0.0,-5661.5979371783305,1786.5301104379357,6.826144912238863e-06,0.02430101048946388,1.410770250605353e-10,207564.0,-0.7150004218933781,321000
2.1427413512853402e-08,150.0,0.0,-5189.359096926035,1621.9284818953752,6.596987663577644e-06,1.411250330001116,1.3854282140555915e-10,207945.0,-0.7037337489142423,322000
2.2828371303518196e-08,150.0,0.0,-5036.042639462579,1244.9827124092683,6.789305692862521e-06,0.9886310901045839,1.3918120699674782e-10,207240.0,-0.7125331151579383,323000
2.294040335648613e-08,150.0,0.0,-6867.240721393527,460.312134024998,6.176835593379347e-06,-0.09779157277941666,1.407065645359738e-10,207614.0,-0.7078876143082075,324000
2.2818538063518216e-08,150.0,0.0,-4532.552655552714,1490.2501542070743,6.08724649431025e-06,0.4294760164171454,1.3543031235135579e-10,207508.0,-0.7237119014803888,325000
2.2683293904535158e-08,150.0,0.0,-4201.084266302428,1456.4592853775082,5.92675874551674e-06,-0.8516078127920645,1.4015596680168416e-10,207896.0,-0.7196272344067735,326000
2.173693825291428e-08,150.0,0.0,-4294.96595622365,1434.7189707265734,6.13651907393376e-06,-2.074938341289757,1.4170563559200193e-10,207880.0,-0.7166647403218782,327000
2.0632661078323642e-08,150.0,0.0,-5818.762069301545,1284.914929433435,5.929788591203091e-06,-2.8980065063089167,1.342153118991108e-10,207876.0,-0.7280696410378402,328000
1.9626769267588938e-08,150.0,0.0,-3874.539627687713,881.093318956823,5.610890048252766e-06,-2.001521069586277,1.4208593257915428e-10,207794.0,-0.709856188248574,329000
1.8460252135810138e-08,150.0,0.0,-6725.42697941605,1525.5529747367523,6.202008388768839e-06,-1.658960405737166,1.357519664239814e-10,207671.0,-0.7037829866443284,330000
1.844269575457253e-08,150.0,0.0,-3436.9961333096458,1090.0946448456896,6.483865881300234e-06,0.436270828992128,1.6330158647613443e-10,206871.0,-0.7041841780675449,331000
1.8795669054938463e-08,150.0,0.0,-4638.420328910478,1191.2800718123501,5.8116666924732285e-06,-0.7746026640236405,1.1399712546448985e-10,207464.0,-0.7207741878709616,332000
1.7360379768405238e-08,150.0,0.0,-6386.2433259563995,987.0473549520322,6.550956221886402e-06,-4.9467443489730325,1.3584717420959297e-10,208201.0,-0.7121975009137131,333000
1.5923848041055037e-08,150.0,0.0,-4689.5703335467015,1450.1936404989676,6.363636779628478e-06,-4.070017147570847,1.3842656239034022e-10,207720.0,-0.7242075480106865,334000
1.5562411306291365e-08,150.0,0.0,-5331.566717209561,1776.1518469225741,6.136511770318276e-06,0.23189664077758726,1.410495899142578e-10,207410.0,-0.7114846805388544,335000
1.567028287219335e-08,150.0,0.0,-5664.377556814563,1599.3920546205188,5.9675660210416365e-06,0.33032773450016917,1.2327709337806715e-10,207124.0,-0.7114437903150167,336000
1.5344416983253946e-08,150.0,0.0,-5541.322334105522,1576.634270617544,5.760267957747095e-06,-0.7244674875140158,1.2996108587253287e-10,207554.0,-0.7070796478328797,337000
1.5797641069070774e-08,150.0,0.0,-4259.15487295916,1758.94532132838,6.111339810686905e-06,3.7952645591497416,1.4167311579449117e-10,207966.0,-0.7149149508321996,338000
1.7025698868522424e-08,150.0,0.0,-4652.60427411302,2967.8192948578226,5.8266202921188884e-06,1.0958653500676174,1.261922800130703e-10,207512.0,-0.7272721575845054,339000
1.7121651721296843e-08,150.0,0.0,-5790.724234943683,3960.374829053201,6.42818692055869e-06,0.32255515423417075,1.373988103325115e-10,207639.0,-0.7062321145988758,340000
1.7456973592899773e-08,150.0,0.0,-3743.3079877109058,2735.6678707225683,5.888657608466013e-06,1.6130785101503153,1.318373051773433e-10,208221.0,-0.6980092215972026,341000
1.839105651946225e-08,150.0,0.0,-4771.728045950303,2346.8192560305274,5.834325783894206e-06,2.2346729941964107,1.3173365798652424e-10,207483.0,-0.7086436822737158,342000
1.91425360949182e-08,150.0,0.0,-3864.230138145683,3299.408017820065,6.0529755048364116e-06,0.9537317620366802,1.3020877159234e-10,206748.0,-0.7075349661834387,343000
1.865779313092738e-08,150.0,0.0,-3726.650238285999,2785.6770321286576,5.582204120507575e-06,-2.130393523216246,1.283244407742777e-10,207576.0,-0.6971198391047655,344000
1.8610264650220674e-08,150.0,0.0,-4992.537006189892,2117.866517670721,6.418025778295096e-06,1.2173859192729046,1.3103642957463743e-10,207885.0,-0.7098196748339404,345000
1.8784762874091173e-08,150.0,0.0,-3034.4534387915796,1116.7348405006942,6.171508621761755e-06,0.9054640410244458,1.3001252371951614e-10,207735.0,-0.7060115931993662,346000
1.9574130361021958e-08,150.0,0.0,-2392.9437057976243,1641.5741347106868,6.134581383342663e-06,1.0862245287597225,1.3247205399747172e-10,207751.0,-0.7212852309563891,347000
2.0421735989373215e-08,150.0,0.0,-3087.631271839512,1502.0554698348942,6.276681209655522e-06,3.7664550527930403,1.3020547743149792e-10,208147.0,-0.7073467182724879,348000
2.1518558105171376e-08,150.0,0.0,-3167.93364270262,1603.3249516176095,6.2052746405427635e-06,1.539326059639453,1.303133504652452e-10,206961.0,-0.723459578288824,349000
2.1707453251806963e-08,150.0,0.0,-3221.4247168198435,2395.5209162196825,6.391218547584283e-06,-0.6009311756491654,1.2940438965595576e-10,207445.0,-0.7045632800386634,350000
2.1252197715426742e-08,150.0,0.0,-2207.028571233986,1700.1795376117584,5.945101964300637e-06,-0.03774358087777879,1.264219530249073e-10,207746.0,-0.7096150724173707,351000
2.197479656551592e-08,150.0,0.0,-2379.727007320241,2404.36352083211,6.403609057279866e-06,2.6488780039250877,1.2905050009973259e-10,207665.0,-0.7020567870580184,352000
2.28396001915599e-08,150.0,0.0,-3323.025193902153,3089.558795110113,6.1296696127968185e-06,0.8190486765503876,1.2839604744490332e-10,207270.0,-0.7067284108658105,353000
2.3923674849157804e-08,150.0,0.0,-2337.751149926852,2599.6047890255313,4.958038601159846e-06,2.228588904261593,1.299323465450458e-10,207263.0,-0.7052452152165835,354000
2.3480781406348654e-08,150.0,0.0,-3519.4417021086833,2272.8035742475845,5.9763297823351986e-06,-3.279961796611551,1.234632357942177e-10,207006.0,-0.6886662669863859,355000
2.2192127012488044e-08,150.0,0.0,-4770.5482713994525,1964.9021057110592,5.715768862287983e-06,-1.7093324739634996,1.3262925884725e-10,207855.0,-0.6900065119828194,356000
2.188866246655152e-08,150.0,0.0,-2095.403644267828,664.4501025876547,5.958328593052905e-06,0.491907790720464,1.2817447561739454e-10,207508.0,-0.6869606225475515,357000
2.193511369696919e-08,150.0,0.0,-2931.266586330856,1687.4945405436965,5.8925177736455246e-06,0.15602540495991815,1.2610589109128357e-10,207139.0,-0.6983192833723685,358000
2.272061249186659e-08,150.0,0.0,-3916.5620876712483,1750.9792589161443,5.435569765687395e-06,1.2789722236692878,1.2068233621974435e-10,207255.0,-0.7055243872926106,359000
2.3259458227897808e-08,150.0,0.0,-2792.0802873510356,2276.7722496759598,6.236508857227824e-06,1.2355199557989816,1.2434844618466666e-10,207509.0,-0.7026374428024508,360000
2.445479550949865e-08,150.0,0.0,-2864.894477061468,2397.9651313844874,6.616370654072067e-06,2.625274062871938,1.2573005695121562e-10,207755.0,-0.7109635454636438,361000
2.6535996109799914e-08,150.0,0.0,-2304.431878475627,1467.764331322251,6.256810671089843e-06,2.912436589136715,1.2538140602711183e-10,207753.0,-0.7170341870516654,362000
2.7659445738237295e-08,150.0,0.0,-4542.356600520656,2734.275200934441,6.354205490559653e-06,1.0344940874874575,1.2800102009759035e-10,207615.0,-0.6947565944436536,363000
2.8177860118105918e-08,150.0,0.0,-2887.395070951435,2005.7397158711444,5.95920671921136e-06,0.14132931698858875,1.2446794243859605e-10,207705.0,-0.6933873656734463,364000
2.8308106003294166e-08,150.0,0.0,-3137.553793834149,2055.8271849786524,6.067637021970995e-06,-0.059084340214729685,1.2212516077065995e-10,207491.0,-0.6983722016482901,365000
2.9315917458916382e-08,150.0,0.0,-2730.539743258864,2282.948190609614,5.797562178024401e-06,3.59321567907929,1.280937688643729e-10,207538.0,-0.6926373761289851,366000
3.081872161914136e-08,150.0,0.0,-2827.2526781960687,1614.210841780734,5.1692569271182195e-06,0.95087913775444,1.193860871041576e-10,207087.0,-0.6911253960683311,367000
3.173359068497903e-08,150.0,0.0,-3364.736220142358,2170.6718716194955,5.631363670737235e-06,0.45915500217676203,1.1984483015584153e-10,207684.0,-0.6947386093854631,368000
3.211232757394096e-08,150.0,0.0,-3450.8424276618744,2075.76162682453,5.912462400488037e-06,0.8568400463461873,1.2314814428133247e-10,207340.0,-0.6881419094215737,369000
3.250647480967926e-08,150.0,0.0,-3436.1052933379788,2082.172965815906,5.8183377938547715e-06,-0.247226082086563,1.2215253330279874e-10,207420.0,-0.6794618160473794,370000
3.2120935376411836e-08,150.0,0.0,-1909.7406671213278,825.0397733955359,6.336386993275756e-06,0.05483985075354502,1.2708838186611e-10,207875.0,-0.6938766869751828,371000
3.3247467488450846e-08,150.0,0.0,-3663.2516781718705,2752.217608858551,6.288833167161563e-06,0.8605873114764707,1.202472007792614e-10,207286.0,-0.6956359845944221,372000
3.245506896831778e-08,150.0,0.0,-3131.904809487092,1294.9363350249535,5.887972578378236e-06,-2.2677638045847424,1.2161468396129035e-10,207933.0,-0.6974695211860341,373000
3.11110004673765e-08,150.0,0.0,-2279.849808140145,1198.8913769002704,5.748069497876431e-06,0.42186007654666935,1.2024778301501802e-10,207570.0,-0.6974413542495749,374000
3.275423025073105e-08,150.0,0.0,-3084.671968070918,1955.8260582861315,6.3243302179358736e-06,1.4119608053564994,1.2212583367813604e-10,207355.0,-0.704293537874795,375000
3.205064197686617e-08,150.0,0.0,-3091.0239359873985,1577.7891281241211,5.621715634326567e-06,-1.4225896274447438,1.186058063805525e-10,208091.0,-0.7111013005951271,376000
3.181599202406467e-08,150.0,0.0,-2623.625321120634,1191.4386687779393,5.840028439386913e-06,0.8866728662699467,1.2046535032917259e-10,207402.0,-0.7161680412405483,377000
3.294021439970155e-08,150.0,0.0,-3459.4373228311138,440.86224788838126,6.275737280823547e-06,0.09880274637043644,1.229839111910974e-10,208034.0,-0.7151766302169748,378000
3.216506306102933e-08,150.0,0.0,-1244.1543592694823,587.0303645306851,5.732583894022963e-06,-1.011959708333015,1.1781130935828985e-10,208320.0,-0.7230359266503161,379000
3.226653638321871e-08,150.0,0.0,-2381.040010010312,707.667887933791,6.124857134466316e-06,0.9852052502930179,1.1958937790512646e-10,208351.0,-0.7180666828635177,380000
3.223933514462371e-08,150.0,0.0,-2345.1132719043094,689.2036972776593,5.915251274871029e-06,-0.17627508094906735,1.2293681170012352e-10,208031.0,-0.7138633075635076,381000
3.169291630911167e-08,150.0,0.0,-1958.4844788601163,1158.948871469156,5.990301738300736e-06,-2.2022622229307918,1.1377900524241035e-10,207968.0,-0.7230120205154048,382000
3.038920440090465e-08,150.0,0.0,-2060.3285724086772,1146.3223760626595,5.530132606374146e-06,0.24659704530239093,1.2025428436346858e-10,207772.0,-0.7263397242649684,383000
3.035504503046121e-08,150.0,0.0,-1937.483556451353,1182.512766472642,5.619327094571244e-06,-1.5481514667868632,1.1447021393192503e-10,206701.0,-0.7231755259739366,384000
2.9025883863553713e-08,150.0,0.0,-2162.1313912598935,849.3991171901399,6.0077788940518005e-06,-0.5474025157988066,1.3482042029202827e-10,207217.0,-0.7173647573104683,385000
2.863159634358678e-08,150.0,0.0,-3768.752961145926,344.1200268987234,5.65876043049228e-06,-0.5387254457920788,1.0760385774619996e-10,207988.0,-0.7202566366567088,386000
2.8445971826940316e-08,150.0,0.0,-2769.6201329816745,1860.769012216974,5.9706770713674435e-06,0.20902186383306984,1.2046887950563457e-10,207694.0,-0.735810860256173,387000
2.862988758955967e-08,150.0,0.0,-4330.417113431594,1831.808766102771,6.087722520398127e-06,-0.24547010555863374,1.1419659313506084e-10,207937.0,-0.7220652153922331,388000
2.7969113691739244e-08,150.0,0.0,-2819.507929188558,2252.1620076859335,6.5136876353975e-06,-1.1108868798315523,1.146064089797317e-10,207233.0,-0.7319881234369787,389000
2.6976541180445725e-08,150.0,0.0,-5865.579429879816,1667.2775442362347,5.692114198360792e-06,-0.43757696533203183,1.1614794637610773e-10,208275.0,-0.7319299505890469,390000
2.7222108284874434e-08,150.0,0.0,-3020.5623752033625,1545.667029041802,5.293419471406947e-06,0.8938288798481226,1.1732772428499167e-10,207886.0,-0.7173663832588058,391000
2.9067361422718814e-08,150.0,0.0,-5195.562154384367,1463.1488933701878,6.242147219246872e-06,2.7231812699735123,1.2106708804275712e-10,207615.0,-0.7390383152583399,392000
2.9714974505878847e-08,150.0,0.0,-4639.653792002042,1325.1417828150966,5.3492872993245936e-06,-0.23248068754374954,1.1106645968379819e-10,207538.0,-0.7388454930083639,393000
2.9437527022224695e-08,150.0,0.0,-3158.4729053279843,1606.2516437516833,5.62832503323563e-06,-0.4177143833339216,1.20970132443392e-10,206953.0,-0.7316819892977273,394000
2.8358917740334268e-08,150.0,0.0,-3783.817223273705,1551.4313126138359,5.3804522578602165e-06,-1.7457940376996959,1.0916962116008971e-10,208046.0,-0.7178898458212563,395000
2.6787506186565207e-08,150.0,0.0,-2266.891533814662,1186.1433590346871,5.8732174124926886e-06,-1.603271230638026,1.1596147681469072e-10,206936.0,-0.7335943329509985,396000
2.7254629362261078e-08,150.0,0.0,-1595.5399966282791,271.18646635057377,5.2336515367912346e-06,1.3742175645828234,1.19151536774045e-10,207755.0,-0.7327932029699897,397000
2.773306832004608e-08,150.0,0.0,-2837.744910303906,1832.1365815839736,5.84884161357024e-06,-0.3803990384191288,1.1277695789621519e-10,207677.0,-0.7322124478950646,398000
2.622113151318219e-08,150.0,0.0,-2850.479000976174,1563.6207334953842,5.340243213318275e-06,-2.5392423350363997,1.12997997161394e-10,207284.0,-0.7334617819072061,399000
2.524152053773321e-08,150.0,0.0,-3477.022722589073,1562.834280739895,5.50986271301924e-06,0.41508092685043835,1.1485827921956594e-10,207121.0,-0.739647475090959,400000
2.6405691109232528e-08,150.0,0.0,-2691.9466345228925,694.9460243518388,5.3374186889527545e-06,3.1698566362559806,1.111987364375302e-10,207721.0,-0.7534366148471913,401000
2.8732730688929536e-08,150.0,0.0,-4936.578108967487,2234.0405035980016,5.759658565068551e-06,3.568370719552038,1.1402415286423068e-10,207356.0,-0.7492276221430273,402000
3.050704916596198e-08,150.0,0.0,-5127.222572460174,2494.897441431676,5.979265585480678e-06,2.5130740265250244,1.1971433339612155e-10,207892.0,-0.7531568356135141,403000
3.1948010555282804e-08,150.0,0.0,-6441.121892988486,968.8538962480644,5.6172107962595436e-06,1.6320848581790897,1.112827194058962e-10,207411.0,-0.7379212223279631,404000
3.282384620462154e-08,150.0,0.0,-5888.059639435049,2429.0547027522994,5.8417228761697995e-06,0.3757815045416357,1.0713965252560458e-10,207390.0,-0.7316276831456137,405000
3.281101314556166e-08,150.0,0.0,-7457.551715826221,754.0820219140008,5.845863691384064e-06,-0.7593546841889617,1.2135843580361536e-10,207847.0,-0.7536134593966709,406000
3.1747450211838716e-08,150.0,0.0,-5656.3666007366555,1630.543530061481,5.876973621390376e-06,-1.6343363894969218,1.0541541714287784e-10,207332.0,-0.7362495053088096,407000
2.993755560787296e-08,150.0,0.0,-5295.751800600286,2225.2325561072194,5.9645544349251736e-06,-1.4423666320443147,1.1232818153698741e-10,207265.0,-0.7395745288238835,408000
3.043948580661046e-08,150.0,0.0,-4986.71453859662,2584.300345581385,5.642422512487133e-06,0.9569036905765528,1.0926561649329997e-10,207221.0,-0.7429518748218336,409000
3.121105015324583e-08,150.0,0.0,-4990.070615241844,2657.7197712264615,5.490214527426918e-06,0.7575042198300346,1.1138607941552089e-10,207345.0,-0.7472670255092391,410000
3.0221205397751405e-08,150.0,0.0,-5951.539648406424,2346.2164724592303,5.507755671423809e-06,-2.781911744385955,1.1399661489238211e-10,207786.0,-0.7432138287488591,411000
2.9028665490926655e-08,150.0,0.0,-4365.174622447414,2540.205200533778,5.651009059995715e-06,-1.035814499974251,1.0730829715441123e-10,207522.0,-0.7591461963835654,412000
2.729571564508145e-08,150.0,0.0,-4801.231854982876,1290.101255081772,5.59854904207668e-06,-2.2835230630636203,1.1041910105637385e-10,207978.0,-0.7328844504733593,413000
2.5932142124318638e-08,150.0,0.0,-5422.743792141257,1752.1711876978825,5.534131331927492e-06,-1.4782679980695284,1.1408639633041683e-10,206948.0,-0.7321905881059603,414000
2.634215780794594e-08,150.0,0.0,-5395.227434531366,1955.9064071249734,5.736497298293848e-06,3.1929082057028983,1.1045792078836215e-10,207831.0,-0.7390975220837896,415000
2.8409806891005503e-08,150.0,0.0,-4264.625881830664,2171.249999479775,5.945933923229063e-06,0.8537499064803108,1.0951235580481819e-10,208140.0,-0.7471647106553652,416000
2.790127985541349e-08,150.0,0.0,-7814.33342480222,2765.2592238483426,5.251072071338572e-06,-0.544184470415115,1.0690062929248664e-10,207992.0,-0.7208305717440475,417000
2.6425688409048563e-08,150.0,0.0,-3719.4539874404536,1399.6514871670036,5.513706053861251e-06,-4.132931747376925,1.0997910788833441e-10,206804.0,-0.7221319591938766,418000
2.533808947546846e-08,150.0,0.0,-6522.596863563687,2906.440828192684,5.341614724265742e-06,-0.12570630349218637,1.0746864138037222e-10,208387.0,-0.7233037444996542,419000
2.475246086319773e-08,150.0,0.0,-4080.9146296995955,2473.403648363222,5.790676954106302e-06,-1.4337843774259078,1.0510156047717768e-10,207639.0,-0.7321606425128654,420000
2.4995880821165933e-08,150.0,0.0,-5670.144263229852,2634.7095267854684,5.5452461369540585e-06,1.2975980140864851,1.1434011458000615e-10,207098.0,-0.7224826308107684,421000
2.508172356208151e-08,150.0,0.0,-6536.0878358424925,2509.6527998501806,5.091464508303991e-06,-1.817715118288996,1.0086571372271636e-10,207843.0,-0.7246870371351476,422000
2.3924267075869964e-08,150.0,0.0,-6808.35921705892,2684.12956419007,5.963998771143511e-06,-0.9364617779254927,1.1178568480070668e-10,208013.0,-0.7296509554273479,423000
2.3063250042198973e-08,150.0,0.0,-9898.80848901243,508.8465184154356,5.547019406726855e-06,-1.5044831836223573,1.0766273466505688e-10,207670.0,-0.74202689695486,424000
2.1962121001806166e-08,150.0,0.0,-5720.397113913133,2012.2634040111202,5.578769657525124e-06,-2.6176453902125383,1.0333456060073557e-10,207673.0,-0.7127870896140837,425000
2.0552361961634318e-08,150.0,0.0,-9158.58714906112,1769.686805649155,5.638593335078209e-06,-1.399363992601635,1.1021151904609051e-10,207790.0,-0.7230743638297035,426000
2.0801704156525582e-08,150.0,0.0,-7036.0449716056055,2248.91441011069,5.4289132740308315e-06,1.6716093729436392,1.0802763666475939e-10,207661.0,-0.7260451646719096,427000
2.1978333961669718e-08,150.0,0.0,-4735.651508784831,2260.8081553565603,5.4380681143015995e-06,2.017342426896095,1.0672039231886602e-10,207028.0,-0.7313199338089993,428000
2.1735703876757366e-08,150.0,0.0,-6634.606870242975,2012.3994260653335,5.292206636703152e-06,-1.7497770862281325,1.0530944742788685e-10,207816.0,-0.7255379214763018,429000
2.1330435050259702e-08,150.0,0.0,-4881.420801206896,1897.2341904983582,5.55799174840388e-06,-0.3127183533012874,1.0521337462490777e-10,207720.0,-0.7248607915307664,430000
2.290804764193411e-08,150.0,0.0,-6141.053778021656,2564.536618231425,4.452796237011121e-06,7.770457286566499,1.0333984053347646e-10,207930.0,-0.7526485150847366,431000
2.478853764742432e-08,150.0,0.0,-4115.221714226708,1668.9930419672467,5.709573118359408e-06,2.2953371492922297,1.1004898806972881e-10,207283.0,-0.7486077667338377,432000
2.524326970032579e-08,150.0,0.0,-5284.917559370194,2600.0318482888683,5.566281496975018e-06,0.8882277966141693,1.0197224701040318e-10,207491.0,-0.7287295394019054,433000
2.512446235769514e-08,150.0,0.0,-8834.90449904041,2579.8537588932304,5.600523189606563e-06,-1.3919628909081199,1.0649288295129245e-10,207571.0,-0.7213836994254467,434000
2.3945685814652446e-08,150.0,0.0,-7333.283768801292,3350.9272703818324,5.576653605999131e-06,-2.4573127393424565,1.049265472944661e-10,208507.0,-0.7209503274498208,435000
2.3012502138541856e-08,150.0,0.0,-11106.502040312214,3241.3859117503125,5.567175241218093e-06,-0.44165549947321425,1.0547155885465421e-10,206864.0,-0.7277049354444061,436000
2.24811101539046e-08,150.0,0.0,-11251.282106203367,4082.48615897867,5.328335826440887e-06,-1.5426034001410016,1.02173702736907e-10,207982.0,-0.7355633187819361,437000
2.1818345013358025e-08,150.0,0.0,-10975.170403227095,5742.606963711906,5.365219779804421e-06,-1.3508358532190339,1.0641197998489161e-10,207915.0,-0.7372494754906431,438000
2.091082745536713e-08,150.0,0.0,-10494.180997159428,6276.180657078068,5.93465551357042e-06,-2.145092807173728,1.0343017837322441e-10,207580.0,-0.7305290225249705,439000
1.9683136892823014e-08,150.0,0.0,-19821.123020152114,375.5592759015168,4.857122479066333e-06,-2.1631100511848924,1.0601146651267787e-10,207864.0,-0.7275582347972301,440000
1.8946200938785307e-08,150.0,0.0,-20515.824162051296,4885.819657624222,5.859098949898107e-06,-0.6910140946507429,1.0206878220254245e-10,207820.0,-0.7306837518104817,441000
1.879384824654558e-08,150.0,0.0,-20698.930042701417,7974.978790902223,5.075046237124074e-06,-0.250242047786713,1.0075498389349345e-10,207654.0,-0.7412835634633607,442000
1.9477844707793692e-08,150.0,0.0,-8929.513098452991,478.775162689861,5.001126693727533e-06,3.3712549966275724,1.0288349596945166e-10,208271.0,-0.7515468328334668,443000
2.0916219858335696e-08,150.0,0.0,-9739.611584813132,5009.159471723427,5.4031906166045495e-06,1.3183882625401064,9.94591844779712e-11,208466.0,-0.7749543159517439,444000
2.086211614127366e-08,150.0,0.0,-14976.613742484678,8840.068443262759,5.788720367412737e-06,-1.6259523235559488,1.0963310006649389e-10,207545.0,-0.7618349698184221,445000
2.0131160599845498e-08,150.0,0.0,-22771.59766248179,6711.234855008053,5.296602666014394e-06,0.6934654103219499,9.623862652657274e-11,207572.0,-0.7617624043504613,446000
2.1245227619815025e-08,150.0,0.0,-16088.408819637058,6661.009593336412,4.9686808979885095e-06,1.8757781656682464,1.0841853643019695e-10,207459.0,-0.7345382362159306,447000
2.1384798724710657e-08,150.0,0.0,-10155.02784511594,5607.717335438405,4.944645173431187e-06,-0.7512685996294032,9.603513010866821e-11,207683.0,-0.7578430923004031,448000
2.1316356367151485e-08,150.0,0.0,-9617.799064827861,5479.854160013714,5.182867731029705e-06,0.8013573215156796,9.90306103439988e-11,207629.0,-0.7374935479846795,449000
2.1642686791167832e-08,150.0,0.0,-12002.788650577608,6361.57223459409,5.366205654986812e-06,0.051314410641789036,1.0107582939524431e-10,206830.0,-0.7302359728167489,450000
2.182249142812511e-08,150.0,0.0,-11723.249604092329,5724.583614316356,5.3035566809356325e-06,1.1920551850050698,1.017774687477654e-10,208025.0,-0.7318982794342893,451000
2.2635710671181617e-08,150.0,0.0,-11406.685770065835,6589.782131824679,5.606424604344797e-06,1.0197917180061344,1.0360452848531727e-10,207548.0,-0.7087293791381569,452000
2.272329447627895e-08,150.0,0.0,-8782.777984786972,5368.473586210903,5.142259167143957e-06,-1.846887534737588,9.529532283175983e-11,207883.0,-0.71884106656989,453000
2.241988769213777e-08,150.0,0.0,-12305.096181064317,6909.744985865775,5.211639620227967e-06,1.116235094338656,9.750663702314229e-11,207505.0,-0.7363510296560866,454000
2.2768047189813976e-08,150.0,0.0,-9633.43331522796,5323.4906210050785,5.264582719085822e-06,-0.3134576827883718,9.81075725356482e-11,207698.0,-0.7205980953826456,455000
2.2711514134243783e-08,150.0,0.0,-10761.316765534237,6081.908566794954,5.111680717341472e-06,1.1117837210297592,9.978787160642988e-11,207704.0,-0.7158589150596606,456000
2.435304980608066e-08,150.0,0.0,-9363.419410190116,5374.399745101132,5.258211768634153e-06,3.3096234346926283,9.686004571351411e-11,207924.0,-0.7336741147512977,457000
2.593451742782802e-08,150.0,0.0,-8890.931263024358,4602.646337523821,4.842416730916461e-06,0.919706824168566,9.788875155063483e-11,207644.0,-0.7189298680382158,458000
2.6188526167203442e-08,150.0,0.0,-9666.961926765809,4583.098138796733,5.504155461906642e-06,-0.6196556963473562,1.0377549373541248e-10,207495.0,-0.7280782353927489,459000
2.5239857874836956e-08,150.0,0.0,-9316.88109941642,5660.307099347961,4.674768367259224e-06,-1.046627398580311,9.960287045580062e-11,207664.0,-0.737962246863988,460000
2.4081825937827257e-08,150.0,0.0,-5350.821982930271,120.96264168581843,4.713412312270288e-06,-1.8750088321045049,8.800710765580295e-11,207673.0,-0.7211806399363971,461000
2.4271900370465048e-08,150.0,0.0,-8860.655443016696,5069.026372798922,4.851879616950317e-06,1.3135883966386308,9.759515964520923e-11,207471.0,-0.7372952091335462,462000
2.4234371066356177e-08,150.0,0.0,-6400.8022145551895,986.1589556967073,4.854983668728596e-06,-0.39750831280648713,9.425760690189075e-11,206773.0,-0.7324982310488606,463000
2.4575044443864178e-08,150.0,0.0,-9228.719015523136,4431.115616586997,4.910943845210605e-06,0.8005728737562893,9.781999399415602e-11,207987.0,-0.7307078000724003,464000
2.5168795604102478e-08,150.0,0.0,-7878.203313313346,727.853271291274,4.723521161736247e-06,-0.2627761898636808,9.715504723764504e-11,207355.0,-0.7314055128699818,465000
2.3801765889785974e-08,150.0,0.0,-11678.52927988765,5720.169751534336,4.982123218113084e-06,-2.1638954348862183,9.489308066802888e-11,207812.0,-0.7389764968934698,466000
2.3630981388578223e-08,150.0,0.0,-14431.73219853031,5626.132369479111,4.741580264720814e-06,-0.12924289634823757,9.30104615233041e-11,207279.0,-0.7397083957933002,467000
2.3093318533895546e-08,150.0,0.0,-10525.637052684122,3958.878646839669,5.296816846829699e-06,-0.568904278934003,9.938026555785282e-11,207157.0,-0.7614265162617342,468000
2.2675381943670928e-08,150.0,0.0,-11886.23294439306,5453.940215466916,4.589906468183354e-06,-0.7695855960994978,8.92020009421695e-11,207946.0,-0.7490771896419653,469000
2.1589471657534902e-08,150.0,0.0,-14525.345763783378,5928.8216902640615,4.872597847814559e-06,-2.3307029343992487,9.430062027356399e-11,208860.0,-0.7761746648694128,470000
1.9894207060389134e-08,150.0,0.0,-12030.0900785152,5431.538767419042,4.9698962301789685e-06,-3.8694741236269437,9.373132660899956e-11,207668.0,-0.7525119200976321,471000
1.8272764249260857e-08,150.0,0.0,-16238.359013498912,155.5331154237197,5.040796865230846e-06,-3.014617964148522,9.111085062958858e-11,207409.0,-0.8116862167029296,472000
1.6994700981598502e-08,150.0,0.0,-10850.276960204064,4990.803608847744,4.717078486581981e-06,-6.009486534103744,9.239604445734594e-11,206980.0,-0.7863199043984934,473000
1.5326996488873563e-08,150.0,0.0,-9172.287176403306,3604.1370958019265,4.938943280102128e-06,-4.927150357842462,9.092009367438085e-11,207017.0,-0.764491266381274,474000
1.4842183643892793e-08,150.0,0.0,-8576.029574747547,351.09560107384283,4.980654356892e-06,2.1426049787402124,9.113639917360906e-11,207782.0,-0.756281828612879,475000
1.6399915610421024e-08,150.0,0.0,-9274.855521946078,1901.1876279807252,4.628779690587945e-06,6.956181503593908,9.115026354765394e-11,207330.0,-0.7911455546546764,476000
1.6701717706624238e-08,150.0,0.0,-8624.590080453967,2923.1391307199287,4.869138751821818e-06,-2.0486142151653737,9.08584899691163e-11,207948.0,-0.7819005570858196,477000
1.670361872996295e-08,150.0,0.0,-9982.18548190087,2705.986995196268,5.486925461795515e-06,1.177794591277839,9.17836714732509e-11,207756.0,-0.76458470388043,478000
1.6585102988742044e-08,150.0,0.0,-9089.627769838657,2955.615928211326,4.834920155982292e-06,-2.0220308757126313,9.08941202420998e-11,208056.0,-0.7582833084504937,479000
1.576089828603242e-08,150.0,0.0,-7060.000637387518,757.880753213737,4.973949251787959e-06,-1.0113679504990596,8.803074358896577e-11,207951.0,-0.7497760081081499,480000
1.5724767068903128e-08,150.0,0.0,-8776.667697606263,2234.348009420621,5.382238560148535e-06,1.6728467230498791,9.537102600636435e-11,207927.0,-0.7851097511503597,481000
1.6726772486208636e-08,150.0,0.0,-7604.404144141331,2203.7646009109694,4.114266304860335e-06,0.741483441904188,8.56146922959617e-11,207764.0,-0.7729149892992312,482000
1.6756563413267142e-08,150.0,0.0,-10904.33423899242,3590.0649104780014,4.99401135912336e-06,0.9553983852863318,8.866312553107917e-11,207846.0,-0.7698813526441292,483000
1.762082118617061e-08,150.0,0.0,-9838.139524569127,3565.0832437566055,4.216073098813665e-06,2.425158086299899,9.126679014040447e-11,207516.0,-0.7618338301383352,484000
1.8903699393391113e-08,150.0,0.0,-13790.032353782433,4885.970111514411,5.1686547426221666e-06,2.5007474950104887,8.909557349726894e-11,208043.0,-0.7496041583232245,485000
1.9392811420715322e-08,150.0,0.0,-9014.71182226282,3610.545478579004,5.3988401326883246e-06,-1.2184395648837083,8.923846347961299e-11,207361.0,-0.7414334555639236,486000
1.880543742771578e-08,150.0,0.0,-11710.339700453902,4690.0823092819965,4.940773688307587e-06,0.07818156096339247,8.984210095170591e-11,207169.0,-0.7481940496923877,487000
1.898630384822302e-08,150.0,0.0,-11442.600017769535,4789.591177006785,4.743028191484202e-06,0.8295327003598217,9.275097744921084e-11,207666.0,-0.7745720929386196,488000
2.0221605716130904e-08,150.0,0.0,-12308.9134614646,5359.396668362442,4.885641776127165e-06,2.0348114908784636,8.038282352403328e-11,207259.0,-0.7778028487961269,489000
2.0494944340754242e-08,150.0,0.0,-9950.744678659856,4349.150305885077,5.053460801757839e-06,-0.5350778024643652,8.89146164919614e-11,207370.0,-0.7546195897389938,490000
2.0826192315581708e-08,150.0,0.0,-16274.781926093045,4144.977287233019,5.0681742186462416e-06,1.347646407425401,9.062975768513509e-11,207847.0,-0.7567874795375376,491000
2.085926305817055e-08,150.0,0.0,-9516.40627171861,3772.4250767025646,5.106957565374166e-06,-1.2091775711923844,9.158953596843309e-11,207286.0,-0.7569554555918822,492000
2.1037046108673976e-08,150.0,0.0,-9872.048290918558,4127.914777521428,4.92243441598815e-06,2.596710361570125,8.40673028328975e-11,208243.0,-0.7712849096433176,493000
2.2575044418715652e-08,150.0,0.0,-15175.075310270378,5984.216076901381,4.885087441802936e-06,1.7156106241941425,8.80434226550692e-11,208043.0,-0.7451312484359345,494000
2.3196401947700464e-08,150.0,0.0,-9366.239766499817,4104.293480608337,4.8205328759252156e-06,0.41131213104724873,8.831921999415063e-11,207391.0,-0.7769779612426875,495000
2.3558347971075466e-08,150.0,0.0,-9888.86700586172,4718.249870705105,4.707244255644833e-06,0.5502736810594794,8.669157077135147e-11,208156.0,-0.7513489402986915,496000
2.3798723923107433e-08,150.0,0.0,-12922.58854864891,6129.345998925783,4.8703382841708315e-06,-0.11083012703061103,9.074811168270385e-11,207988.0,-0.736094481815576,497000
2.4040041404660434e-08,150.0,0.0,-12734.557693411649,6243.790785572805,5.168391500774317e-06,-0.22568191879987842,8.635198146469825e-11,207609.0,-0.7310681353735051,498000
2.409178525830667e-08,150.0,0.0,-11639.676555083995,5796.63175065207,4.424523201201682e-06,0.8661876157000652,9.261493793849996e-11,207349.0,-0.734759251803057,499000
2.4172693359858433e-08,150.0,0.0,-8434.141203240197,4152.237000503355,5.084261365805526e-06,-0.33819260998070333,8.280240074739877e-11,207411.0,-0.749549719810929,500000
2.3403710683211864e-08,150.0,0.0,-12352.35191811237,5050.261856865236,4.902234522120359e-06,-1.5414046622067694,9.283098353344743e-11,207752.0,-0.746673145038229,501000
2.2217633709686875e-08,150.0,0.0,-7168.898466629807,2943.468024916525,4.977989530967615e-06,-0.3707516644001015,8.542568183881443e-11,206946.0,-0.7684776197140214,502000
2.3442967899356445e-08,150.0,0.0,-12177.842487325339,5001.081441488327,5.102913838889828e-06,2.311340176671736,8.828269716537616e-11,207758.0,-0.782324438342166,503000
2.4298455779003764e-08,150.0,0.0,-5917.091757479751,201.09539412242026,4.282002091230199e-06,1.0148079723864791,8.519663599235687e-11,207893.0,-0.7530697565486436,504000
2.4371845052328946e-08,150.0,0.0,-11598.674192191389,4592.22451970491,4.475488395069497e-06,-1.6286941119730485,8.86790455202016e-11,207361.0,-0.7623299644097541,505000
2.3233933807986783e-08,150.0,0.0,-7365.852381873262,3648.2571225953893,5.211949504030155e-06,-0.7832213017940519,8.545717451711217e-11,207696.0,-0.7664711231261846,506000
2.2459993312295954e-08,150.0,0.0,-13081.272118253146,3359.715191623466,4.614674689477747e-06,-0.6523160478621699,9.006544681614637e-11,207835.0,-0.7563550633648892,507000
2.197585528485038e-08,150.0,0.0,-8391.846065224607,3616.7767941525512,5.127795410629694e-06,-1.880392099291087,8.63817717813554e-11,207564.0,-0.766020455083936,508000
2.0578956794636843e-08,150.0,0.0,-11697.249437188424,5672.480151548017,5.062831821547304e-06,-2.3944031201452,8.55271502342274e-11,207638.0,-0.771987363926799,509000
1.9238391208986598e-08,150.0,0.0,-6117.826508626379,198.86650593026985,4.5914948509988625e-06,-1.3432944479063162,8.706039221709358e-11,207639.0,-0.7846102607758141,510000
1.9358999077567705e-08,150.0,0.0,-5850.021992504069,166.8654648623812,5.147653601138564e-06,0.7556617254316803,9.074255365888177e-11,207177.0,-0.7543547396106723,511000
1.9442541423941893e-08,150.0,0.0,-9456.78538790028,4125.506912938909,4.582513131783376e-06,-0.42667855928838183,8.230270045009077e-11,207122.0,-0.7561006821147531,512000
1.876408995826753e-08,150.0,0.0,-12083.19651151981,3431.243606988459,5.051575645371293e-06,-2.2920809972584317,8.5749604872813e-11,207834.0,-0.7761464027002555,513000
1.7501334735214877e-08,150.0,0.0,-10852.412701208115,3726.4731772358664,4.742651044377766e-06,-1.8509399120211598,8.726961787220536e-11,207558.0,-0.7745373144191521,514000
1.7988534063206882e-08,150.0,0.0,-11534.884831161262,4350.543372469086,5.337136387421289e-06,3.128014291644107,8.675747805705682e-11,207560.0,-0.7588200187277802,515000
1.9232938447188984e-08,150.0,0.0,-11111.326934579534,4467.092042083996,4.964140213658642e-06,1.5187562168985609,8.910573160559158e-11,207637.0,-0.7466552849154208,516000
1.90811680358394e-08,150.0,0.0,-8081.905484253798,2731.752851264055,5.145832055053043e-06,-1.9215158532261856,8.985699697858244e-11,206982.0,-0.7515543224236598,517000
1.795082720867928e-08,150.0,0.0,-8783.889711598338,2219.309142772485,4.774742679636296e-06,-0.7892908978760259,8.026875223770798e-11,208034.0,-0.7664593128208649,518000
1.7789926367584048e-08,150.0,0.0,-11323.87959107434,3341.197055024696,5.344565253125208e-06,-2.125392145007845,9.137885958164239e-11,207690.0,-0.8031033318128113,519000
1.6380249849845502e-08,150.0,0.0,-8061.396231480763,3461.614683831217,4.454616965261951e-06,-3.347242609947924,7.943953161463337e-11,207794.0,-0.760119464731868,520000
1.5145107138181387e-08,150.0,0.0,-5959.330464744295,1581.1469937611091,4.727370671311357e-06,-2.206271874032918,9.005098798444504e-11,207950.0,-0.7936467808991948,521000
1.4948582214735464e-08,150.0,0.0,-9426.441705995789,4184.8685345535405,4.222084815417304e-06,1.1171828443706024,8.44807160819391e-11,207317.0,-0.7867643099335793,522000
1.5294365537599204e-08,150.0,0.0,-9659.244851534193,3703.154603138836,5.281698937739767e-06,-0.271403263777495,9.140778920601779e-11,207346.0,-0.7742868802699382,523000
1.504935756901913e-08,150.0,0.0,-9995.329261654499,4306.843706263615,4.675033651292183e-06,-0.8281359410434963,7.863400919150951e-11,208012.0,-0.7671388924546563,524000
1.4013179781002805e-08,150.0,0.0,-7929.862145742528,3218.161465158628,4.922851316955242e-06,-4.3965133642554335,9.063083052302557e-11,208104.0,-0.7840023409709261,525000
1.329065543931306e-08,150.0,0.0,-7228.7674913948595,2819.803384184531,4.9968762145020626e-06,1.0187547455430022,8.988372835963415e-11,207860.0,-0.8067612488692251,526000
1.4067890262481348e-08,150.0,0.0,-8339.226149776114,3643.3574596637436,4.368158614969529e-06,3.0830966168195024,8.00979481077741e-11,207546.0,-0.7630682269295284,527000
1.4874473512449518e-08,150.0,0.0,-7554.468005984256,3768.9242913215385,4.8904528942763585e-06,-1.157063030391933,8.649071124156442e-11,207739.0,-0.7485513656710654,528000
1.3869606785732458e-08,150.0,0.0,-5430.282072145594,725.6142123274443,4.843486970713677e-06,-2.486087710589169,8.383898021409707e-11,208095.0,-0.7886629447145069,529000
1.3295379723388124e-08,150.0,0.0,-9263.001936799792,3177.246946573802,4.923379640938932e-06,-2.2435291187167117,8.393200976182611e-11,207639.0,-0.7276462948929157,530000
1.3484333337032678e-08,150.0,0.0,-7382.948646305491,3035.892844387304,4.316227161387686e-06,4.091959120243791,8.569952780038714e-11,208213.0,-0.7383277716478198,531000
1.4084163538541374e-08,150.0,0.0,-4573.302986562223,638.674245410444,4.8951247436157485e-06,-1.1325508103370663,8.365496143260192e-11,207188.0,-0.8141644886831759,532000
1.3496814384339475e-08,150.0,0.0,-6640.947136752538,2985.915311050531,4.5942191697623275e-06,-1.2586642241477939,8.984946725304148e-11,207557.0,-0.8077051626595304,533000
1.3716720680179148e-08,150.0,0.0,-6750.089405614138,2556.421916241618,4.642831890761193e-06,-0.09502737569808817,8.126272326450462e-11,207931.0,-0.7622686371988946,534000
1.3197279162824298e-08,150.0,0.0,-6169.782768806307,4066.2887415178993,5.092987927591596e-06,0.25044305492937585,8.686150787020194e-11,207950.0,-0.7864460265503908,535000
1.4114917392227271e-08,150.0,0.0,-8899.420791145278,4058.2292363980896,4.804345959364295e-06,3.4309227798283044,8.612719927525422e-11,207589.0,-0.8015291778914334,536000
1.4752896349001779e-08,150.0,0.0,-6957.6044738464025,3315.5544053669087,4.1453291408828304e-06,1.275886885225771,8.035798693218425e-11,207152.0,-0.760024199006133,537000
1.4409807587156834e-08,150.0,0.0,-6996.741055066783,3659.8497291310455,4.8810366153482185e-06,-3.255861118063331,9.330286665575988e-11,207393.0,-0.755052685249368,538000
1.3394228073337915e-08,150.0,0.0,-9170.48300437643,4375.05542443959,4.355975081818306e-06,-2.733936303466556,8.042271867715931e-11,207415.0,-0.7449251371536796,539000
1.3184915672148625e-08,150.0,0.0,-6116.3950134168135,4090.6974291771025,4.479282260383857e-06,-0.02174470789730299,8.556559258963237e-11,206996.0,-0.762492163448881,540000
1.2823072248480108e-08,150.0,0.0,-6852.587499149039,3719.649845845904,4.242691638513198e-06,-2.3361596590578553,8.666562810275183e-11,207720.0,-0.7510347643420322,541000
1.174288267513646e-08,150.0,0.0,-4583.908905735452,840.4327287815307,4.5914517587331025e-06,-3.333820929229259,8.528395994104755e-11,207661.0,-0.7919959303762042,542000
1.130448619601765e-08,150.0,0.0,-8589.492833183902,4356.5418855544485,5.00009591620552e-06,-4.243824777901184,8.436530720426725e-11,207505.0,-0.822440178642628,543000
1.071854926948391e-08,150.0,0.0,-7861.494431466752,2897.954410280297,4.673653436160675e-06,2.1286182466298347,8.383138939811403e-11,208326.0,-0.7894920010858605,544000
1.1067931527719573e-08,150.0,0.0,-12408.210857788992,3258.586557779876,3.7734619391756057e-06,-1.4077585012763743,8.436009252754069e-11,207939.0,-0.7752363452629722,545000
1.1144925507800003e-08,150.0,0.0,-8090.678147622855,3922.9480300882983,4.758152405575096e-06,2.4572681863158987,8.665322570613711e-11,207918.0,-0.7856618678368545,546000
1.1685365318037119e-08,150.0,0.0,-3153.40566478765,238.4786979158825,4.912999605021893e-06,2.0459534826427688,8.200176821796795e-11,207178.0,-0.7552895131324191,547000
1.1309490903776968e-08,150.0,0.0,-10383.77881275435,4230.489755210451,5.192033849416694e-06,-5.193869726419439,8.646131442509418e-11,207300.0,-0.7481140623756177,548000
1.0115819027767265e-08,150.0,0.0,-4070.946900798436,721.7497514515633,3.796331619206225e-06,-7.505955838739875,7.88336423713152e-11,207287.0,-0.7686238582404625,549000
9.453864013409006e-09,150.0,0.0,-8367.157621981232,4903.901898667927,4.865232930212574e-06,-1.013143095567822,8.589572459422468e-11,207827.0,-0.7444863426367544,550000
9.676775237998934e-09,150.0,0.0,-10937.669647692299,4250.4383458005295,4.657074277275794e-06,0.10163953235745316,8.129702951279665e-11,207457.0,-0.7602322295595595,551000
9.593342118918708e-09,150.0,0.0,-6229.768723124504,2586.2720102317635,5.02097058831552e-06,0.21068047273159016,8.388723542388892e-11,207802.0,-0.7545105297187056,552000
9.025218044023134e-09,150.0,0.0,-6044.600809180628,3632.6955952390126,4.370143937103776e-06,-6.704719480633741,8.739432305165627e-11,208000.0,-0.8010636035927736,553000
8.005019156875904e-09,150.0,0.0,-7009.3295145411685,4637.63371861368,4.6481433208622576e-06,-7.249673972219217,8.336489637874378e-11,207641.0,-0.7662575166601103,554000
7.64709709510925e-09,150.0,0.0,-7321.8261331766935,4916.407278304785,4.4867515313242734e-06,-2.9302026565372903,8.347293685969737e-11,207753.0,-0.7589784206258107,555000
7.139848795301172e-09,150.0,0.0,-7507.538573456826,4515.819827763393,4.80302316672887e-06,-4.762997411996133,8.502661147597254e-11,207561.0,-0.7665089476240405,556000
6.855906033553794e-09,150.0,0.0,-6447.842630636425,3343.0326274821696,4.962243417585556e-06,0.35586855554580826,8.204075439243186e-11,207659.0,-0.7223687824739241,557000
6.986165002054184e-09,150.0,0.0,-11067.367755320567,3920.3945596391636,4.86074233590016e-06,-1.910349154800176,8.62888866270212e-11,208183.0,-0.8179768812013326,558000
6.471107256267306e-09,150.0,0.0,-8547.990234329234,4855.274613101707,4.191852691880273e-06,-4.496702790290119,8.308753835013689e-11,207862.0,-0.7430487301896648,559000
6.128486480072583e-09,150.0,0.0,-8904.237929726876,5876.4009026726435,4.908434654221417e-06,-0.6129619612395742,8.424481171058444e-11,207875.0,-0.7435351853950872,560000
6.332207239445613e-09,150.0,0.0,-5790.887459125202,3301.7739027796983,4.93110780174356e-06,3.4784151450246577,8.290750183240605e-11,207261.0,-0.7425734128169548,561000
6.975539947440271e-09,150.0,0.0,-6136.74074792592,4682.61785596484,4.824966450261315e-06,3.586856113001707,8.205107312549603e-11,208077.0,-0.7167070754426365,562000
7.158343076518758e-09,150.0,0.0,-6561.8088342933215,4240.880933975939,4.065743950897985e-06,3.355538251668214,8.151437995532514e-11,208406.0,-0.7384624731779298,563000
7.360830388325478e-09,150.0,0.0,-8929.20177314526,5867.108942138569,4.8743388096212865e-06,-3.6176130699813296,8.279750025356942e-11,207860.0,-0.7464785742608195,564000
6.651854608907827e-09,150.0,0.0,-10935.690453206718,4303.359642689717,4.61780554323708e-06,-8.78864064013956,8.264658036631861e-11,207282.0,-0.7194536463787408,565000
6.084296638064743e-09,150.0,0.0,-8315.925537998692,3860.554566512056,4.639535869909389e-06,-3.1606375107020095,8.102064566857982e-11,208379.0,-0.7077675827520101,566000
6.043376221231967e-09,150.0,0.0,-10417.90506911836,4039.408148463691,4.622510630328578e-06,-0.17807427230477346,8.28997701020839e-11,207670.0,-0.7227230795343212,567000
5.9376607097760715e-09,150.0,0.0,-6799.363139754471,4023.1906968014778,4.795688051745008e-06,-3.2201007645428184,8.152273258161414e-11,207730.0,-0.7573771868116326,568000
5.78938676021325e-09,150.0,0.0,-11369.928199720724,4048.246959773965,4.572245999700194e-06,3.9388702998161262,8.592332464112663e-11,208147.0,-0.7409886313887699,569000
6.155982168465367e-09,150.0,0.0,-8938.253100427994,5844.71834520627,4.706376674063139e-06,-1.4834362841844562,8.327024968175618e-11,208030.0,-0.7408822394960755,570000
5.6751753687578226e-09,150.0,0.0,-6022.613379191707,4248.586595950851,4.71828651984474e-06,-4.864275258749717,8.237510028307273e-11,207039.0,-0.7637294198533351,571000
5.94128387998438e-09,150.0,0.0,-6566.945182689227,4020.7034132886056,4.357812424533592e-06,13.412581629395486,8.184873619001348e-11,207141.0,-0.7855273497182903,572000
6.83713032678668e-09,150.0,0.0,-9701.623855333059,5603.128202647597,4.873273997324278e-06,19.123578212738014,7.999119542865587e-11,206855.0,-0.8044568208589823,573000
7.443393162720473e-09,150.0,0.0,-5768.300787616136,3931.7299952854432,4.631281373558937e-06,8.116814868539558,8.469687292937873e-11,207691.0,-0.7991957212866073,574000
7.814089306279504e-09,150.0,0.0,-10280.698814502528,5047.767500906959,4.802387251245941e-06,6.172196454197156,8.44333515773815e-11,207506.0,-0.7805638246416399,575000
8.284349546805455e-09,150.0,0.0,-8719.107186924986,4337.548571149702,4.557449309706025e-06,3.112849650740628,8.029959208808896e-11,208242.0,-0.7778232415972478,576000
8.418647249541785e-09,150.0,0.0,-6384.658074497114,3350.221276972681,4.683167486101429e-06,-0.38981865689158307,8.198992273773673e-11,207128.0,-0.8180064105269665,577000
7.990131664747928e-09,150.0,0.0,-8667.321049316228,3958.768177896699,4.887593965978719e-06,-4.235659216552972,8.28249318520798e-11,207910.0,-0.8081548707256485,578000
7.514085735849102e-09,150.0,0.0,-8719.242406320047,4509.206315930586,4.462133610974924e-06,-4.203231664597992,8.223670491378418e-11,207325.0,-0.7988168875387583,579000
6.85583053394723e-09,150.0,0.0,-7978.647109280604,3039.6041321080306,4.537143791070615e-06,-5.274507484078396,8.618133432280055e-11,207581.0,-0.7739045175881942,580000
6.345250710193527e-09,150.0,0.0,-10124.591224282622,3552.061311096098,4.362990055287938e-06,-4.350184429019685,7.731888289141888e-11,207491.0,-0.8160370864370781,581000
5.785358120125033e-09,150.0,0.0,-6988.575470693012,3168.552817945715,4.633444965763901e-06,-7.935382642924767,8.243266408415629e-11,207322.0,-0.7496425490256217,582000
5.280197362456094e-09,150.0,0.0,-4917.664687309241,582.5181366235646,4.120100206868923e-06,-5.71809128129483,7.759771661066889e-11,207825.0,-0.7707732909917994,583000
4.860224257718917e-09,150.0,0.0,-6961.8389041246355,3957.6250205617052,4.511734662171914e-06,-5.530709931313998,8.407836649260403e-11,207114.0,-0.8095977842919464,584000
4.510858060413637e-09,150.0,0.0,-4178.410996679266,867.8391822169543,4.873505131110167e-06,-3.002581573098897,7.874890052572182e-11,208095.0,-0.7369664988104814,585000
4.547223539042014e-09,150.0,0.0,-9069.10695831935,3502.44640042309,4.416831603778697e-06,-0.4893550582230096,8.292483432375099e-11,207620.0,-0.78153626690948,586000
4.303301389452235e-09,150.0,0.0,-6781.594570478692,3244.117142695829,4.455230418709989e-06,-3.125255369961265,8.3126647595432e-11,207506.0,-0.7751554830554529,587000
4.2878549169067596e-09,150.0,0.0,-9238.517219313788,4701.535852604664,4.6353273018668876e-06,2.992558006584646,8.359300440369837e-11,208066.0,-0.74971000143489,588000
4.515940578819769e-09,150.0,0.0,-6701.775412094665,4506.270146960099,5.086584817468596e-06,-2.3415548367798307,7.85695497405219e-11,207571.0,-0.7320529510554472,589000
4.209158898316183e-09,150.0,0.0,-11270.451083060498,4298.155610148577,4.950858323541137e-06,-3.0984064249098284,8.061027061947919e-11,207718.0,-0.736770296335867,590000
4.236354262943108e-09,150.0,0.0,-4478.901877994697,3022.1722319546348,4.486328639941028e-06,4.976983161389831,8.120447300565382e-11,207722.0,-0.7280140424810012,591000
4.506497272238624e-09,150.0,0.0,-6855.715081833533,3967.3173798042126,4.474944295592033e-06,-0.7249099006503833,8.179503756209897e-11,208203.0,-0.7232899573841483,592000
4.380800207037793e-09,150.0,0.0,-6581.896712586853,2652.53882341272,4.650782404254091e-06,-3.4833276169002083,7.828021184782673e-11,206896.0,-0.7455869140112609,593000
4.025776127569714e-09,150.0,0.0,-6744.393215096179,2262.0441930516577,4.419002298026163e-06,-1.9958281745016493,8.350929175264984e-11,207149.0,-0.7526687085508442,594000
4.121801822076762e-09,150.0,0.0,-10591.231024027009,1441.6874354911847,4.620534615261468e-06,1.2305696752071351,7.755019372888027e-11,207615.0,-0.7377254248675997,595000
4.327357712607944e-09,150.0,0.0,-8971.689110043191,3592.9182007608,4.636078938244025e-06,5.70786053717136,8.10359967485793e-11,207960.0,-0.7750541072520133,596000
4.821052616676978e-09,150.0,0.0,-8301.182829577989,4630.535626517874,4.417185401322847e-06,7.961773590832948,8.160780812691657e-11,207847.0,-0.7757032874681375,597000
5.154369664417406e-09,150.0,0.0,-10496.825574383689,4139.619210991899,4.915730419400077e-06,5.881957311540844,8.319856834822561e-11,208017.0,-0.7617656928080334,598000
5.6427365486833105e-09,150.0,0.0,-6937.548874951931,4217.8822717125,3.962651790287091e-06,5.828445863425724,7.664662339817805e-11,207271.0,-0.7515958072270364,599000
5.913122374412435e-09,150.0,0.0,-6519.317707334597,4795.990414356436,4.071009046015204e-06,2.646339300557969,8.005833997349687e-11,207440.0,-0.7270106604445018,600000
6.009086064295847e-09,150.0,0.0,-12055.782429010404,484.06589891816475,4.8156232881275605e-06,-2.5609833048880106,8.013125911061505e-11,208174.0,-0.758008459270802,601000
5.462530627386996e-09,150.0,0.0,-7843.885995915734,3202.414709035401,4.593229371991472e-06,-8.570706132411965,8.193181095719863e-11,207442.0,-0.7734973441659273,602000
5.021153316242541e-09,150.0,0.0,-5518.8690410923455,3270.747363573795,4.582683460817804e-06,-4.096420459508901,7.999448888840576e-11,207183.0,-0.7911397991167133,603000
4.624291310317823e-09,150.0,0.0,-10363.33061145118,3767.7645809301334,4.431526175807214e-06,-8.416602887362227,8.130989007458087e-11,207373.0,-0.8017934776132956,604000
4.307052970276011e-09,150.0,0.0,-8913.850944909951,573.8524407841721,4.386659611263621e-06,-4.148469989478599,8.365082496334488e-11,207984.0,-0.7953208709620954,605000
4.149468959102616e-09,150.0,0.0,-5826.018299378093,2815.049457559875,4.466703399478072e-06,-3.374104205101727,7.54473767140252e-11,207177.0,-0.8147329049973177,606000
3.848514167348329e-09,150.0,0.0,-6459.145582537124,2062.941464748539,4.595632126369154e-06,-6.035744973510503,8.001873329834529e-11,207819.0,-0.7868857762042781,607000
3.579314281187965e-09,150.0,0.0,-11396.907374268176,5261.352612709773,4.569019880420911e-06,-2.9425105893015857,8.341009520754066e-11,207780.0,-0.7688695306714108,608000
3.2646525522927965e-09,150.0,0.0,-7075.489857898409,5337.614617747652,3.545236230753084e-06,-9.62666882914302,7.372169630285471e-11,207599.0,-0.7610981245158925,609000
2.982793009920212e-09,150.0,0.0,-11711.276914138496,4924.595182577373,5.069121740489452e-06,-2.024440534412874,8.233289950179165e-11,207813.0,-0.7451000320198145,610000
3.2044387003882246e-09,150.0,0.0,-9485.697644045105,3776.6778673045587,3.911323401418969e-06,11.848189445734029,7.734805995344403e-11,207684.0,-0.7707752063982429,611000
3.48486465995279e-09,150.0,0.0,-6652.336190585265,3674.1754543582642,4.21909879434601e-06,3.666123429834847,7.807791651367625e-11,207610.0,-0.737579870914812,612000
3.492907465485468e-09,150.0,0.0,-7593.183041429176,4357.501186396204,4.622145500712262e-06,-0.964645118534568,8.203332487144378e-11,207196.0,-0.7570207525750345,613000
3.490966111074914e-09,150.0,0.0,-4543.3427509519,4087.6646292185355,4.847838194715232e-06,-1.4090743323117492,7.96783907671696e-11,207559.0,-0.7921378347360092,614000
3.2759583106223327e-09,150.0,0.0,-8491.063559062462,2885.2146853350328,4.921041837151029e-06,-3.650773303717375,7.994586000865709e-11,207469.0,-0.7532255413507843,615000
3.163216981683095e-09,150.0,0.0,-8216.871757135423,3165.371065003345,4.397227172755257e-06,-0.20101077477633933,7.487601235775917e-11,207533.0,-0.765198888079562,616000
3.3702918094125044e-09,150.0,0.0,-8843.327641761474,3880.529594528732,4.794925108032359e-06,10.055070783182979,7.98590066703711e-11,207321.0,-0.7183371044823557,617000
3.747896207162424e-09,150.0,0.0,-7939.097757356169,5211.785057612633,4.807325504983407e-06,5.597556386142972,8.275551146378487e-11,208356.0,-0.7466275646866901,618000
4.085234285522437e-09,150.0,0.0,-10484.68672181891,1231.5703306149894,4.128592056282798e-06,7.88702870956062,7.173283853418681e-11,207675.0,-0.7505022233423785,619000
4.4216934749208365e-09,150.0,0.0,-10489.181951945282,4275.306676390285,4.598401674143374e-06,9.299017036080365,8.227696698964331e-11,207441.0,-0.7604140045755068,620000
4.7675857297591125e-09,150.0,0.0,-6682.511823795596,5786.685706999843,4.979350997447616e-06,1.9695189661979629,8.156058757438871e-11,207576.0,-0.7677992065337385,621000
4.846274101133472e-09,150.0,0.0,-6843.083760617075,4861.278681840983,4.5321524624828555e-06,2.350615967184305,7.251330973944922e-11,208084.0,-0.7654902886883632,622000
5.186484414387856e-09,150.0,0.0,-6672.236777751376,5773.464350546339,4.414657571965466e-06,5.364045712351788,8.380409903783491e-11,207443.0,-0.7716538959950718,623000
5.570842043223224e-09,150.0,0.0,-8562.899420761954,5972.793213532877,4.297402456775665e-06,3.5825125271678027,7.917326497510811e-11,207524.0,-0.7250050640899174,624000
5.64070853004139e-09,150.0,0.0,-11906.649224097206,955.5995058851641,3.631822931106753e-06,-5.987190283566715,7.649867422440904e-11,207503.0,-0.7252659610926928,625000
4.9337910739133425e-09,150.0,0.0,-5052.119865429758,4362.530278901674,4.249766230118195e-06,-14.428862394809721,7.59191432595521e-11,208244.0,-0.754490363280753,626000
4.454034463918781e-09,150.0,0.0,-8004.470797720237,485.3640527634107,4.514406336745947e-06,-9.446415969043974,8.197299454318633e-11,207652.0,-0.7678285981962709,627000
4.126498682310856e-09,150.0,0.0,-8683.758398514152,3688.4840263667957,3.9068557449999345e-06,-9.57780260607599,7.664857102771178e-11,208110.0,-0.7733066246620278,628000
3.7719456258411586e-09,150.0,0.0,-4172.721280427995,4363.9840350591985,4.5898847530017e-06,-8.613481038570416,7.593789355713109e-11,207344.0,-0.735903197997365,629000
3.5222378316213125e-09,150.0,0.0,-12317.660602472288,680.5879672537043,3.8004659980028816e-06,-5.765291258364917,7.781654847968977e-11,207383.0,-0.7603942361002536,630000
3.3423398970722267e-09,150.0,0.0,-4336.428153704861,3256.2173040219795,4.577705333904462e-06,-1.4195450992435212,7.826509815823676e-11,207179.0,-0.7500492343792196,631000
3.3127865330939638e-09,150.0,0.0,-4865.225715622306,3868.2019899467173,4.536092709086495e-06,1.5162651861906054,7.933243931648265e-11,207311.0,-0.7481254059543109,632000
3.636941485085641e-09,150.0,0.0,-6912.49417796474,5732.707747607795,4.493069126980658e-06,9.091525577485568,7.616613711094903e-11,207339.0,-0.7582389637265456,633000
4.06715890299835e-09,150.0,0.0,-6785.251028612116,4674.609807647639,4.399330957327585e-06,7.966449799358842,7.46082433366785e-11,207565.0,-0.7478842193346559,634000
4.127765252270874e-09,150.0,0.0,-10524.060903554557,3984.582680568913,4.505306451304325e-06,-3.5108496022224416,8.012828204169983e-11,207870.0,-0.7620253221255522,635000
3.849710035641611e-09,150.0,0.0,-8946.993994066264,5439.711759420792,4.4815464735483815e-06,-4.93216326512396,7.862326232000412e-11,207626.0,-0.7399723722911773,636000
3.7020592174030724e-09,150.0,0.0,-2618.085915723378,37.35354695557818,4.858211237066522e-06,-0.022224066302180507,7.462929690708467e-11,207773.0,-0.7505764207898056,637000
3.849607640216132e-09,150.0,0.0,-10116.662812617167,4230.094674104312,4.431928913597001e-06,1.3852699732184341,8.031576214626741e-11,207680.0,-0.7275414668539433,638000
3.798142785615973e-09,150.0,0.0,-11295.117782467489,4750.078010414651,4.18439774267919e-06,0.20196060742437819,7.698016760162784e-11,207771.0,-0.7555872200655491,639000
3.820960065681333e-09,150.0,0.0,-12508.967138225873,1621.2858589972268,4.5160178042031704e-06,-1.0318122606575497,7.496648453858612e-11,207643.0,-0.7517523197444165,640000
3.707310398892713e-09,150.0,0.0,-10021.896578740809,6319.429794695471,4.673297814439251e-06,-0.7258887054324134,7.869113204561809e-11,208010.0,-0.7532629996524944,641000
3.5509720781590255e-09,150.0,0.0,-7865.546256525837,5103.79522792904,4.572875367595763e-06,-3.7576683824658463,7.916836236941242e-11,207664.0,-0.7655029587022892,642000
3.3758065116629107e-09,150.0,0.0,-5299.226501219385,4170.029003857335,4.639493729793994e-06,-2.0990249204039593,7.607669997469037e-11,207930.0,-0.7685364655135334,643000
3.147957190474673e-09,150.0,0.0,-7722.47727631873,2860.0189493640924,4.604785681042484e-06,-3.628624816536897,7.513932598128215e-11,207817.0,-0.752720451481842,644000
3.0994487503210905e-09,150.0,0.0,-4559.260169270441,3280.6799298134983,4.395473001937765e-06,1.8016467006206522,7.757897625018226e-11,207964.0,-0.7440719952681217,645000
3.301429349011898e-09,150.0,0.0,-11085.744399888634,2027.3800969765643,4.447037526601248e-06,5.923114576339706,7.315427522219248e-11,207367.0,-0.7496848826624821,646000
3.5929067625506443e-09,150.0,0.0,-6842.391943055595,5790.730688760681,3.920285567232012e-06,1.5384408465623929,8.098554698578991e-11,207256.0,-0.7726331085575963,647000
3.4874413501473355e-09,150.0,0.0,-7201.3001615035955,2678.3118992596665,4.384159866321902e-06,-4.329247320443393,7.467341799093958e-11,207980.0,-0.7538758544629204,648000
3.2115391706000154e-09,150.0,0.0,-6539.407980674894,2200.4766300718384,4.25413983149435e-06,-2.5737874905467026,7.891364663124955e-11,207749.0,-0.7380193727092716,649000
3.1222449827783587e-09,150.0,0.0,-3243.277473116677,2357.758356795451,4.475033473461571e-06,-2.1161101495921644,7.479288244563915e-11,207670.0,-0.7690785881382781,650000
3.0568607563008444e-09,150.0,0.0,-6468.200158857855,4289.427175792668,4.556114308937873e-06,-1.1204796787649385,7.234941212699448e-11,207491.0,-0.7244334849114876,651000
3.0652228923955243e-09,150.0,0.0,-8698.676041480347,3292.8543728462314,4.121762616459364e-06,3.046347899585962,7.891269357849166e-11,207509.0,-0.7308052213705628,652000
3.317569922112187e-09,150.0,0.0,-6980.083383241079,2514.9165447321493,4.5446062931642316e-06,2.687734201639892,7.533843293171894e-11,207420.0,-0.7141699704895305,653000
3.254956929987787e-09,150.0,0.0,-3464.9240341127406,2005.0588337610145,4.631228309908594e-06,-3.0347341438830004,7.688040448111018e-11,206950.0,-0.7071273409823277,654000
3.1826107844690155e-09,150.0,0.0,-6195.5226560464025,243.22693509736206,4.107230721320572e-06,0.5442328114509589,7.407381824534584e-11,206881.0,-0.7120312297044092,655000
3.1276407934654994e-09,150.0,0.0,-4467.35448995763,1748.5487285726983,4.743414809190923e-06,-0.5145964180231081,7.495758455533721e-11,207184.0,-0.7161670880777006,656000
3.272178476843025e-09,150.0,0.0,-5684.050940051946,3287.109824650868,4.480453560016248e-06,2.851326232135289,7.648042888247183e-11,207436.0,-0.7124037940497736,657000
3.3438413220565674e-09,150.0,0.0,-6808.247927999148,2775.6307162852695,4.0550932628660106e-06,0.7551797773838035,7.585659822131863e-11,208155.0,-0.7021784109022484,658000
3.4794288394923692e-09,150.0,0.0,-7153.362838635234,2946.7648894383374,4.463406608610222e-06,1.0718005684316119,7.656148524210761e-11,207744.0,-0.7203611140692804,659000
3.3223940214544026e-09,150.0,0.0,-6872.189256488526,2130.4757587629388,4.591162908680776e-06,-8.381433335602278,7.337959642027347e-11,208014.0,-0.7317218411723388,660000
2.9286924241311862e-09,150.0,0.0,-5479.242028771456,2784.325455396572,4.328536982628244e-06,-6.793534864485264,7.558525089116789e-11,207931.0,-0.7376542819338088,661000
2.8116368098185493e-09,150.0,0.0,-5402.223694082434,1586.9566231077695,4.768968393657149e-06,-2.767512704730027,7.782008211801041e-11,207953.0,-0.7221244220752544,662000
2.7464677001542994e-09,150.0,0.0,-7910.511148585404,768.830545701972,4.398998716436785e-06,-0.13060991539061023,7.646454714250069e-11,207437.0,-0.7180068643178188,663000
2.8735764310283645e-09,150.0,0.0,-6598.379375937208,3344.8234077735533,4.4654025296084735e-06,4.695586592167616,7.541500257190762e-11,208366.0,-0.7154188363883063,664000
3.0695809012382066e-09,150.0,0.0,-5387.860419725778,2737.8628957015435,4.273181530018111e-06,1.0212107886671973,7.103423158327268e-11,207894.0,-0.7309919718718356,665000
2.984459001265099e-09,150.0,0.0,-6657.76548187464,2186.370758227456,4.6774822566071275e-06,-1.8108421842753895,7.649229363297329e-11,207813.0,-0.7156747894321163,666000
3.0416792309306835e-09,150.0,0.0,-5064.677329292909,2552.6036100304586,4.134731463554251e-06,3.3514827201217416,7.627699691850937e-11,207734.0,-0.7094411130743312,667000
3.3252294950880666e-09,150.0,0.0,-8228.203657927465,636.1910576172559,4.414459541516538e-06,4.819164408951983,7.589169877197884e-11,207735.0,-0.7196462210234639,668000
3.4135748869790143e-09,150.0,0.0,-6900.898057571025,2653.4186312184993,3.6627395944162086e-06,-2.196898808121682,7.181311189627165e-11,207785.0,-0.7100142912532466,669000
3.192741050428439e-09,150.0,0.0,-3570.0597052918156,3896.0832429166117,4.565386962675179e-06,-4.981021216481923,8.073567475758252e-11,207967.0,-0.7046442367914959,670000
2.858263989047312e-09,150.0,0.0,-6778.849425760738,4217.911388686747,4.149170377517386e-06,-9.427120144367235,7.071499091253625e-11,207694.0,-0.7158890633008338,671000
2.5786199560062775e-09,150.0,0.0,-6131.806882423223,2234.3260301705677,3.913300276555896e-06,-7.273845037579534,7.22366046273315e-11,207438.0,-0.7331768881317312,672000
2.454509301808018e-09,150.0,0.0,-6689.683938966882,4041.861901909878,4.691884765286585e-06,-2.1177122450172883,8.033566751881059e-11,207732.0,-0.7598252366304383,673000
2.44097686152855e-09,150.0,0.0,-4251.2005402924515,2994.06894600915,3.85553830433106e-06,0.29959808474779187,6.770715882641122e-11,207392.0,-0.7401500404256888,674000
2.511899428236928e-09,150.0,0.0,-3296.0314650312744,2998.8629458398696,4.311942202615891e-06,2.7754659391939627,7.259550899801156e-11,207895.0,-0.7337294882054058,675000
2.5497003266483572e-09,150.0,0.0,-4366.022689418673,2585.875025424579,4.290197792681038e-06,-0.3256328853666777,7.739240690096543e-11,207425.0,-0.740153913533976,676000
2.6523381997378683e-09,150.0,0.0,-4112.969657167299,2763.7411891057423,4.264763445370086e-06,3.842108573943391,7.677813342601097e-11,207843.0,-0.7449304071031301,677000
2.823634184245803e-09,150.0,0.0,-5138.8631994941,3001.4806128917076,4.323982719359536e-06,1.026756370365623,7.377131654956824e-11,208179.0,-0.7454767595043396,678000
2.760707612514676e-09,150.0,0.0,-6445.4261999579,703.4997190755766,3.868954091877267e-06,-2.0331820193827115,7.215512482315191e-11,207545.0,-0.7559979209250834,679000
2.687137535595243e-09,150.0,0.0,-6406.114668498392,2730.992662194997,3.942161810725148e-06,0.02460734935104876,7.195282782878347e-11,207161.0,-0.7285544902995446,680000
2.688018021057553e-09,150.0,0.0,-7227.737012593473,3266.202466372329,4.59048817698314e-06,0.5423918620049955,7.804325377092104e-11,207534.0,-0.7164656135188071,681000
2.925503761908039e-09,150.0,0.0,-8250.04487507861,3706.9577432198257,4.282655511469021e-06,10.0591459311545,7.293701075419996e-11,206739.0,-0.7193353577788905,682000
3.319114528554935e-09,150.0,0.0,-7031.307450942772,2833.6237388388595,4.33189883560647e-06,9.943086848616616,7.320297711746193e-11,207431.0,-0.7261604518958104,683000
3.588098421714039e-09,150.0,0.0,-9581.653277543224,463.0812823337722,4.145504705497247e-06,6.893879154354332,7.077018917875494e-11,207570.0,-0.7348373180127601,684000
3.848115203375355e-09,150.0,0.0,-6925.9728314497115,2768.830931182684,3.979349752342827e-06,4.600061836749326,7.626268443781791e-11,208391.0,-0.7459356510284934,685000
3.959820897847519e-09,150.0,0.0,-6277.526180986962,2241.2879441119094,4.218123317908604e-06,0.17139611041545896,7.529225107700885e-11,207964.0,-0.7451987888530306,686000
4.005580673371868e-09,150.0,0.0,-6483.258943664356,2457.8875901047986,4.428960839605974e-06,0.2684007990658282,7.401385152540887e-11,207865.0,-0.7477456183612802,687000
3.801978196715805e-09,150.0,0.0,-7132.431538907554,2477.87602803769,4.386894910378918e-06,-5.214161123931401,6.904236935093633e-11,207589.0,-0.7494134137016958,688000
3.4837182871783025e-09,150.0,0.0,-3721.7663479164985,2415.370094727745,4.2397645772958044e-06,-3.85453154069185,7.184676770380615e-11,207376.0,-0.7512951016486514,689000
3.302135620497631e-09,150.0,0.0,-3534.1958796166045,2764.553756571042,4.227729267698872e-06,-0.9297805862128743,7.215958280537347e-11,207238.0,-0.7632098585796636,690000
3.3377216230867685e-09,150.0,0.0,-6063.020751521329,3372.373305685662,3.988197716003221e-06,-0.25331373876333124,7.263770247195957e-11,207724.0,-0.7378167199902343,691000
3.337844329820424e-09,150.0,0.0,-8618.741335377848,3301.0075798825274,4.332492690821709e-06,1.5443512648791073,7.767227905884423e-11,207959.0,-0.7415523422047987,692000
3.573824822300515e-09,150.0,0.0,-7847.247860088947,3018.1873737100577,4.255571669935065e-06,3.978231978029022,6.831423503505347e-11,207097.0,-0.7408823924490142,693000
3.881693227514304e-09,150.0,0.0,-9256.694177857267,3732.1792320081277,4.7119677066351836e-06,3.9969993277192106,7.286407698261551e-11,207111.0,-0.7495289285605587,694000
4.050683428236114e-09,150.0,0.0,-9350.948060523322,1429.6230439212177,4.452597659373217e-06,1.3334300585091092,7.322115280102546e-11,207147.0,-0.7322639006639131,695000
4.013855532392076e-09,150.0,0.0,-8043.42432716549,1404.57453208022,4.2120873598641314e-06,-2.562871855035423,7.897191407310903e-11,207530.0,-0.730011963683305,696000
3.747777762574953e-09,150.0,0.0,-6263.05938326313,4951.840027750148,4.023449387395842e-06,-2.6912289266288347,6.440995350721497e-11,207545.0,-0.7491514538960137,697000
3.561286256115184e-09,150.0,0.0,-8244.78877174091,3477.6875627647455,4.381084410271179e-06,-2.1933199844658375,7.376490393367719e-11,207425.0,-0.7445858072267977,698000
3.5145157890603688e-09,150.0,0.0,-5257.298627200305,2544.902454475313,4.256390463342366e-06,0.06231192621588689,7.362380641625556e-11,207796.0,-0.7596585995378663,699000
3.5600340451136164e-09,150.0,0.0,-7293.257354674179,2751.2005118722705,3.954859387839354e-06,1.6042979974448688,7.237026504680826e-11,207537.0,-0.7500381929491684,700000
3.7233057097463245e-09,150.0,0.0,-5937.905417309414,3451.143402571085,3.891709898424797e-06,1.1705924371778975,6.962183712975091e-11,208494.0,-0.7583904137732812,701000
3.7093248119735035e-09,150.0,0.0,-7141.831194828209,2480.903553681193,3.66021494690116e-06,-0.8531206372380254,7.379943493423035e-11,208010.0,-0.7594605300236408,702000
3.644492628351871e-09,150.0,0.0,-5615.391894875141,2991.5459899033685,4.376873542436769e-06,-0.24735324671864561,6.881037599676905e-11,207988.0,-0.7697743113132635,703000
3.6699507612869568e-09,150.0,0.0,-4576.239253224288,3432.153301319981,4.411630322421088e-06,0.6669836722016336,7.303608347709851e-11,207544.0,-0.7579946478101199,704000
3.8041884633521635e-09,150.0,0.0,-8080.391273989861,998.4847997264555,4.610347235302307e-06,1.535611732810732,7.147599899730452e-11,207823.0,-0.7690926945210848,705000
3.918490506737972e-09,150.0,0.0,-6688.7495865384235,2689.770316400634,4.590171091376062e-06,2.694846137017014,6.93212748943317e-11,207409.0,-0.7701758149897412,706000
4.3070283379798035e-09,150.0,0.0,-6387.448941905801,3727.7768934844817,4.20828625240245e-06,5.658297755330784,7.463143328753992e-11,207693.0,-0.7711177043084174,707000
4.504431153851124e-09,150.0,0.0,-3025.2101125097893,3269.565781724445,4.358372988640721e-06,-0.7250932111889111,6.927010732582104e-11,207781.0,-0.7549802856432695,708000
4.422040133622565e-09,150.0,0.0,-9582.311127310284,1253.3766129617898,4.34836207700239e-06,0.0028791883885844497,7.408965618675082e-11,208077.0,-0.7546088506879628,709000
4.461845640957303e-09,150.0,0.0,-11753.255592323516,1052.199232527164,3.875123049903443e-06,0.5808484788239003,6.615184404637912e-11,207344.0,-0.7610652984364487,710000
4.71110312982859e-09,150.0,0.0,-6604.631648659245,4256.6550784716865,4.346822616847487e-06,3.543082804441451,7.075266744011727e-11,207614.0,-0.7656298695697379,711000
4.832521780517858e-09,150.0,0.0,-8539.982906059988,3507.526679314835,4.4300209751781915e-06,-1.0818985262811196,7.312050181450096e-11,207384.0,-0.7578608636446198,712000
4.6663312960326755e-09,150.0,0.0,-8889.867659316922,3576.6300786078905,3.932359871912536e-06,-1.330522013276814,6.730001003401852e-11,207242.0,-0.7559166562816644,713000
4.694985447528665e-09,150.0,0.0,-9643.56242478206,3574.6801984373105,4.034246344909682e-06,1.8354114224612716,7.280888657160396e-11,207633.0,-0.7505002511397199,714000
4.856249141926845e-09,150.0,0.0,-8958.6715031382,3605.1440675014637,4.290222252427259e-06,0.9903922188878064,7.584591644020916e-11,207136.0,-0.7549205359015039,715000
5.082218970109398e-09,150.0,0.0,-8413.293127723908,3213.3481884821836,4.240912471673576e-06,2.444700189664957,6.862422680307371e-11,207144.0,-0.7526480572769472,716000
5.1317772054027e-09,150.0,0.0,-8138.685348857478,1198.6530070863005,4.32557277648636e-06,-1.6715230293869991,6.842100896136976e-11,207397.0,-0.7491526382288868,717000
4.870654189303993e-09,150.0,0.0,-8846.23953270899,3532.1150819333106,4.2421010873763205e-06,-1.7620800350904455,6.887595893957944e-11,207270.0,-0.7549129596003974,718000
4.771805812264771e-09,150.0,0.0,-7173.396926936917,3220.7269409215846,4.575330127666536e-06,-1.0700718604028205,7.007431217511092e-11,207621.0,-0.764257541614123,719000
4.632545746119381e-09,150.0,0.0,-7899.734011992419,4497.47602202245,4.178667428099914e-06,-1.3420176303684705,7.282372369460952e-11,207963.0,-0.7721770936424786,720000
4.535831751972797e-09,150.0,0.0,-7988.300800926039,3131.125180417467,4.243071733244008e-06,-0.8550577733814717,6.529400428498829e-11,208162.0,-0.7548968579496422,721000
4.349792442681639e-09,150.0,0.0,-10666.506353259985,1382.880597894602,4.428434726529309e-06,-1.1405653291642686,6.924188474531544e-11,208381.0,-0.7541414360372726,722000
4.3712301809328835e-09,150.0,0.0,-8809.540949089624,3338.7658548077,4.446840959241521e-06,0.8315870246887204,7.059294365107192e-11,207009.0,-0.7639759612272633,723000
4.538853047186822e-09,150.0,0.0,-8598.300560218278,5114.726572120071,4.419203633732482e-06,2.836144321799281,7.198489045163754e-11,207959.0,-0.7428595524816063,724000
4.832452217051753e-09,150.0,0.0,-7570.437614887684,2301.904350248858,4.310646054407575e-06,2.768047031432394,6.640511165506009e-11,207299.0,-0.7517004199011394,725000
4.956791472832132e-09,150.0,0.0,-8679.016640210446,2862.7028384560654,3.949690276831676e-06,-1.8060100908279448,6.905333009773227e-11,207381.0,-0.7568622079476686,726000
4.667291850335431e-09,150.0,0.0,-9660.827310679864,3892.3992119439517,4.327085321940599e-06,-2.9066854180693587,6.650997921914194e-11,207398.0,-0.7491011077992709,727000
4.3608732469557754e-09,150.0,0.0,-11024.001862224603,4161.597590783798,4.168634054320981e-06,-3.834126773387184,7.53128640189277e-11,207825.0,-0.75127774319545,728000
4.181423509219681e-09,150.0,0.0,-7016.033759293043,4093.615009198921,4.050182524497186e-06,0.5555744983851902,6.397671296173216e-11,208053.0,-0.7621551311661887,729000
4.422513061541622e-09,150.0,0.0,-7942.964734603136,5122.9047569437535,4.451308106316893e-06,3.923132958501581,6.752166398789711e-11,207916.0,-0.7629851272831446,730000
4.766704031933238e-09,150.0,0.0,-4221.926193539666,1746.6958212346876,4.3485117311119475e-06,3.9322001699507174,7.197406023236821e-11,207221.0,-0.7726913225176759,731000
5.136187866128242e-09,150.0,0.0,-7683.574605126021,4305.651600801828,4.0219044203606615e-06,4.416790443420405,6.526530489053806e-11,207228.0,-0.7802260674076099,732000
5.5526208639911265e-09,150.0,0.0,-7661.500497857475,5189.254194563399,4.307091519251579e-06,3.747918899744741,7.11941215479579e-11,207494.0,-0.7752004200320612,733000
5.799438146603097e-09,150.0,0.0,-6354.381564334234,2982.1218524549704,4.145660135641541e-06,1.4682649540901207,6.480326010245402e-11,207749.0,-0.7680852702306816,734000
5.944735006924153e-09,150.0,0.0,-11154.42637031807,4756.298623584918,3.990146843330314e-06,0.9437899020314218,6.993022928019029e-11,207310.0,-0.7748064157836868,735000
6.0280661688949375e-09,150.0,0.0,-7376.578947204007,4201.697082987078,3.886172711496257e-06,-1.0660195904374121,6.887667422616731e-11,207311.0,-0.7594088742975245,736000
5.5941532770553684e-09,150.0,0.0,-6093.387515257527,4500.87105063735,4.184094609619218e-06,-4.451806333243838,6.596050250350875e-11,207203.0,-0.7579196561640905,737000
5.110786557072089e-09,150.0,0.0,-4160.528855816683,2118.9031024217556,4.449673455352965e-06,-5.138343843609091,7.10034108850926e-11,207718.0,-0.7560633840588482,738000
4.7590195162427876e-09,150.0,0.0,-9439.640974282203,3275.763066050232,4.138314459737552e-06,-2.0438098000288005,6.75814231187583e-11,207219.0,-0.744557565784039,739000
4.713993218441451e-09,150.0,0.0,-7462.442390829356,3991.1777357074757,3.932088518675773e-06,0.8478390585780151,6.409428471713685e-11,207436.0,-0.7526220450325226,740000
5.057856450996195e-09,150.0,0.0,-6011.539315712466,1365.8958268410522,3.955668089425039e-06,5.250819190621375,6.640045922921575e-11,207189.0,-0.7549451028664532,741000
5.465656740533134e-09,150.0,0.0,-8910.352315989021,4163.977299946801,4.514754388202034e-06,2.6347941430509123,6.752131866263419e-11,207884.0,-0.7447434346593305,742000
5.7372889683549e-09,150.0,0.0,-8216.71133582974,4577.081797011745,4.525381007395519e-06,2.259143345236778,6.664493533301884e-11,207501.0,-0.7588953098769593,743000
5.848084720039267e-09,150.0,0.0,-6878.067049845352,4688.439536247956,4.254273661186582e-06,-0.22748079685866773,6.529394577998218e-11,207682.0,-0.7602061064239302,744000
5.882215860175675e-09,150.0,0.0,-6370.30560625517,3261.891043440627,3.7937568607482323e-06,1.1657261750400085,6.704352832611009e-11,207378.0,-0.7524107514403316,745000
6.24720382225163e-09,150.0,0.0,-7559.088048810454,2916.3595407868465,4.102133086783872e-06,2.772033378586175,6.922867263908136e-11,207543.0,-0.7813982029193072,746000
6.642874046391969e-09,150.0,0.0,-6917.456781363438,4101.208343616633,3.749338707489612e-06,2.2376432667374586,6.203094585188599e-11,208066.0,-0.7695720924794016,747000
7.082526462642833e-09,150.0,0.0,-4819.901619424838,2460.6700971500286,4.1927019440866125e-06,2.855751450270416,6.608426014728991e-11,207759.0,-0.7666901788362079,748000
7.496195559841825e-09,150.0,0.0,-7445.577914068104,3204.8176567532846,3.3484043807909833e-06,0.8341533493101594,6.396404634184279e-11,207473.0,-0.7801154367663444,749000
7.098183211873281e-09,150.0,0.0,-5931.612380444148,2465.6503704571637,4.128191056288693e-06,-5.4130850550532275,6.754131950731046e-11,207325.0,-0.7629924700854334,750000
6.179385380278286e-09,150.0,0.0,-3753.337996636147,2779.1092603405923,3.836033706468457e-06,-13.588576618433015,6.394662912273407e-11,207746.0,-0.7739453380928396,751000
5.333751692315766e-09,150.0,0.0,-6738.179097839896,3816.371972076578,3.93318006699328e-06,-24.2968853187561,6.384956392123253e-11,208359.0,-0.7547386385720405,752000
4.636737543695082e-09,150.0,0.0,-5627.647268900395,2740.401619994607,4.2496564328189425e-06,-36.719071945190514,6.729591779045588e-11,207612.0,-0.7475975923788017,753000
4.072749015371346e-09,150.0,0.0,-8434.301138946279,1976.3380643291744,3.722365768862311e-06,-49.243505458831905,6.865966074595605e-11,206897.0,-0.7505186640363373,754000
3.6072069977688456e-09,150.0,0.0,-8824.458608553934,4239.884110429795,3.885954207557781e-06,-58.323444065094,5.77565353254692e-11,207343.0,-0.7431834660660382,755000
3.2362554218678946e-09,150.0,0.0,-9687.012650635641,3792.47119587551,4.04164295489884e-06,-54.61025222778316,6.420244052434362e-11,207840.0,-0.7412939493395783,756000
2.952902702579864e-09,150.0,0.0,-9297.652075248687,4385.893109183562,4.443996487253356e-06,-47.04535800170901,6.663110279432771e-11,207739.0,-0.7459301515881641,757000
2.67006768761568e-09,150.0,0.0,-11024.38100709607,5147.874706856537,4.261620497543867e-06,-55.684666877746615,6.077586201064748e-11,208141.0,-0.7534045365122413,758000
2.3987482344889334e-09,150.0,0.0,-13664.940942537738,5592.959318365114,3.95367694250704e-06,-61.51266006469725,6.72462249422749e-11,207512.0,-0.7477333136622488,759000
2.1507724883296243e-09,150.0,0.0,-11457.459166110219,4899.109212092298,4.048590811566171e-06,-69.27288261032083,6.191488812784689e-11,206801.0,-0.7623154748965989,760000
1.930522769089117e-09,150.0,0.0,-7120.315040799325,2956.1115427999043,4.078649809186707e-06,-74.39842147064203,6.410697489495727e-11,207587.0,-0.7511052973932167,761000
1.7350294333473597e-09,150.0,0.0,-7244.0682339729565,2279.9959426321434,4.40481494790257e-06,-78.27322251892097,6.902052907741616e-11,206631.0,-0.7369436406513871,762000
1.564394535580329e-09,150.0,0.0,-4213.1944090443085,229.43866683776108,3.920837617892861e-06,-79.59873207855243,6.35079591764192e-11,207662.0,-0.7422086270837741,763000
1.41438601697352e-09,150.0,0.0,-5450.371262979381,1704.5982484913732,4.064853326590273e-06,-79.88479724884039,6.231548785784407e-11,207845.0,-0.7341163277397306,764000
1.276071460276638e-09,150.0,0.0,-4613.005147739413,1676.2811412684498,4.0512402488306375e-06,-85.74152029418948,6.261358642516898e-11,207575.0,-0.73196053409322,765000
1.1486115079062404e-09,150.0,0.0,-4011.5866427476476,889.6876111931576,3.9756247489648435e-06,-91.28242210388186,6.629742420475375e-11,207808.0,-0.7389595022283775,766000
1.0362809605979345e-09,150.0,0.0,-3237.054289907752,1264.082433452689,3.7758935294656202e-06,-91.01616300201408,6.044962498345762e-11,207729.0,-0.7487916550295685,767000
9.376549809370037e-10,150.0,0.0,-3587.6040882913985,880.939076301516,3.669851052343183e-06,-88.93706008911133,6.785625948736877e-11,208144.0,-0.7660036263170811,768000
8.515387280860771e-10,150.0,0.0,-3803.7951481171963,1263.1786076990256,4.289430904998346e-06,-84.61277001190173,6.44683662942124e-11,207731.0,-0.8053721163426986,769000
7.729286338187258e-10,150.0,0.0,-4509.627530765768,1120.1014430916646,3.879945832309773e-06,-82.36730406951891,6.268585412446366e-11,207711.0,-0.8176074175003291,770000
7.006741785109413e-10,150.0,0.0,-4020.6134883496825,1348.672383181576,3.7950752187141402e-06,-84.63162535095208,6.334587414965301e-11,207965.0,-0.8222605264470452,771000
6.340156264994525e-10,150.0,0.0,-4921.076017553122,734.8695195710635,4.092422787378423e-06,-84.95885234832774,6.346094257660441e-11,207860.0,-0.8153559869314567,772000
5.738599461180265e-10,150.0,0.0,-3596.307927867381,1070.0982530861593,3.978465973195734e-06,-84.7042280883789,6.663404273704066e-11,207305.0,-0.8075579041342359,773000
5.199447794534962e-10,150.0,0.0,-4431.944926243415,344.3058169316536,3.5399970341329965e-06,-82.71350499725315,6.109709731267145e-11,207816.0,-0.8160163787282589,774000
4.71328508028224e-10,150.0,0.0,-3117.122625029861,1199.9267191736947,3.69657181391148e-06,-81.83354426574714,6.771656821257098e-11,207447.0,-0.8281612277976008,775000
4.270668778616479e-10,150.0,0.0,-3941.368751045943,1241.1116517573598,3.727890350021297e-06,-80.73473799133298,6.186145628882737e-11,207587.0,-0.8194716230070208,776000
3.878168908511001e-10,150.0,0.0,-3487.052996021264,1071.4557288016108,3.3626415925049853e-06,-77.1890623474122,6.650318337189797e-11,207276.0,-0.8116942461266121,777000
3.5113042579082524e-10,150.0,0.0,-2809.9797524223873,1147.4822212561983,3.9193565932268605e-06,-82.28507054901121,6.655614654798918e-11,208474.0,-0.8342778140708643,778000
3.164686518675186e-10,150.0,0.0,-3254.0251704671814,805.8730325871123,3.879202154465518e-06,-87.4880784225464,6.174559016773567e-11,207924.0,-0.8196279165989983,779000
2.857998378791304e-10,150.0,0.0,-3323.183242254699,957.8331298319151,3.976766163451496e-06,-85.63251912689208,6.295719091724003e-11,208329.0,-0.81627262538836,780000
2.588554026128338e-10,150.0,0.0,-3396.3522194784273,698.014657472352,3.6814983386480513e-06,-85.79287454223635,6.405109469303618e-11,207772.0,-0.8194335015869302,781000
2.336629592730732e-10,150.0,0.0,-4446.2378520630755,1177.3185914132332,3.976149832984439e-06,-91.5372718658445,6.329845983619378e-11,207755.0,-0.8196999515324184,782000
2.1112068961104415e-10,150.0,0.0,-5353.323136620117,715.6036248240553,4.0660524288801965e-06,-88.9625279769899,6.469300801957269e-11,207550.0,-0.808864006875502,783000
1.9131046982701046e-10,150.0,0.0,-3384.0138708032646,1363.1151891823793,3.7005340274818256e-06,-88.88795464324946,6.601492454714881e-11,207360.0,-0.8094202933467164,784000
1.7315705720666306e-10,150.0,0.0,-4217.466434175024,129.65668520463285,4.0265727335899845e-06,-89.49923274230983,6.23747203234627e-11,207514.0,-0.8083544928294027,785000
1.5653585221098174e-10,150.0,0.0,-3473.3512997685475,841.6201624663513,4.055325066123335e-06,-91.95201830291758,6.588293495336074e-11,207636.0,-0.8016870095789345,786000
1.4151448059218647e-10,150.0,0.0,-3205.9007843329127,1072.1745942888545,4.035958116105165e-06,-91.70040669250494,6.356886693765199e-11,207752.0,-0.7898567725167733,787000
1.2825337381006097e-10,150.0,0.0,-3879.2025901398433,943.1358506786981,3.847327847416395e-06,-89.4468389358521,6.446030347233916e-11,207230.0,-0.811140699715137,788000
1.1614096408901762e-10,150.0,0.0,-3345.2821822232277,1177.8920439098276,4.416855567094478e-06,-90.39211493682859,6.648481754690336e-11,208102.0,-0.8156623930157179,789000
1.0525117265930409e-10,150.0,0.0,-3509.5011455337976,923.0640681276544,3.4723183605366313e-06,-87.65840294647211,6.174287663962327e-11,208189.0,-0.8014404748234034,790000
9.533550279078324e-11,150.0,0.0,-3026.372399709451,1398.2279431813984,3.848685268806163e-06,-90.22303913116475,6.69557136972896e-11,208132.0,-0.810025888995777,791000
8.615806547374023e-11,150.0,0.0,-2441.5855712917623,1046.2253283250102,4.0532759602787025e-06,-91.46008738708497,6.395435809046685e-11,207732.0,-0.8009533033371858,792000
7.802621776464847e-11,150.0,0.0,-3148.1377186747204,719.5644244119195,4.058920222274154e-06,-88.16271453857406,6.637865353920361e-11,207528.0,-0.8114302958664154,793000
7.082799814706034e-11,150.0,0.0,-3195.0010073210324,1297.115048908933,3.6448148883120427e-06,-84.9717559204103,6.532100771484549e-11,207677.0,-0.8207831283397873,794000
6.452553311109269e-11,150.0,0.0,-2869.7442822465296,850.2352036218526,3.3262200936485845e-06,-74.29882523727427,6.097758016035035e-11,207515.0,-0.8504549874061259,795000
5.898719773744783e-11,150.0,0.0,-4230.614709986531,57.02110610145046,4.079716902284372e-06,-68.59099023437493,6.716887506214404e-11,207232.0,-0.8714582352310644,796000
5.3668385721628016e-11,150.0,0.0,-3022.3024712224424,1038.9045140558926,3.924875598471654e-06,-71.0103112716673,6.398266218639269e-11,207247.0,-0.8664513248587029,797000
4.8486976579609214e-11,150.0,0.0,-3036.682425964516,955.9659391955294,3.6569612867061166e-06,-77.14023885726955,6.175704984104374e-11,207498.0,-0.8585083133337671,798000
4.3650177649484696e-11,150.0,0.0,-3078.326856268343,1449.140745967332,3.7916967854305593e-06,-82.08540064239503,7.232112721991372e-11,208114.0,-0.8392886912225214,799000
3.9277308894886137e-11,150.0,0.0,-2033.409376324134,770.1155138480894,3.867686592466054e-06,-88.06379312896703,5.980641916453899e-11,207825.0,-0.8157204575661063,800000
3.541477143140239e-11,150.0,0.0,-3634.5765834760386,204.53033904226285,3.8041376370889806e-06,-88.56355708312977,6.193190490357143e-11,207811.0,-0.7876443341379166,801000
3.1987962955531944e-11,150.0,0.0,-3312.874370280772,1088.4888423571213,3.923961333792696e-06,-89.74816363525402,6.515338030266738e-11,207444.0,-0.7983719150437179,802000
2.8915235832441308e-11,150.0,0.0,-3362.0628752933626,271.63908611278566,3.7475140386780177e-06,-91.94212725830104,6.272999065993256e-11,207265.0,-0.7961604479486891,803000
2.611970137400553e-11,150.0,0.0,-3307.554111346196,380.43006103002574,4.048285313384973e-06,-93.29661132812488,6.596092584692321e-11,207566.0,-0.765399583303743,804000
2.3637751278907068e-11,150.0,0.0,-2326.1190289496562,1156.9303122310241,4.0229402813801195e-06,-91.41580207824707,6.644474450473215e-11,207489.0,-0.7617653291319804,805000
2.1414598675925673e-11,150.0,0.0,-1975.128946178583,1182.3615215264947,3.889709030932778e-06,-90.56301486206048,6.413479139943674e-11,208192.0,-0.7651959499554164,806000
1.9397755584085726e-11,150.0,0.0,-2443.7915524848104,1315.745309261764,3.952833954387611e-06,-90.84939309692365,6.275506008807924e-11,207597.0,-0.7745042060193226,807000
1.75590694970196e-11,150.0,0.0,-2398.6292120037297,1100.3658580397525,3.542964722333504e-06,-90.89942431640628,6.432344474420512e-11,207646.0,-0.7658681534944555,808000
1.5898526771126996e-11,150.0,0.0,-2559.972001289471,1323.7887460884358,3.895539300645238e-06,-90.34747043609622,6.287028411431744e-11,207226.0,-0.7610542370109861,809000
1.4402091195846158e-11,150.0,0.0,-2647.180534747259,867.4489696039867,2.9707027748890092e-06,-89.70088996887219,6.523909681293077e-11,207111.0,-0.7496246338100376,810000
1.3029134766744104e-11,150.0,0.0,-2403.534353723472,803.0226767602143,3.935003080948134e-06,-92.09635768890396,6.590585835389758e-11,207978.0,-0.7433862963959854,811000
1.1786490764290058e-11,150.0,0.0,-2826.888790271016,838.8222201037519,3.4374297958706996e-06,-91.44843556976325,6.533062355402041e-11,207973.0,-0.7417606743225376,812000
1.067409687721674e-11,150.0,0.0,-2388.647267520919,475.3599149996216,3.5700624615931497e-06,-90.23431603240984,6.186552332118128e-11,207483.0,-0.7403095702507283,813000
9.672614665820465e-12,150.0,0.0,-2297.3274131949593,288.44256478822615,3.6616967411073898e-06,-89.55748744201672,6.535457168804049e-11,207455.0,-0.730830371408961,814000
8.760802540884491e-12,150.0,0.0,-3763.596221795967,1333.8240770732905,3.6956816717694237e-06,-88.77064880371084,6.571548182866387e-11,207400.0,-0.7251729291581709,815000
7.938148415508041e-12,150.0,0.0,-2703.677703107022,717.577631888036,3.6839098451736477e-06,-88.74698202514644,6.142309498466703e-11,207456.0,-0.7373730024005056,816000
7.180636224079352e-12,150.0,0.0,-2455.9298517545276,687.4211991808388,3.7360183609613786e-06,-90.3054908370971,6.701460684110151e-11,208038.0,-0.7302351434327632,817000
6.496249269419274e-12,150.0,0.0,-2215.1576049123155,1198.7707524192135,3.225053293017584e-06,-90.91305339813249,6.458445827706297e-11,207374.0,-0.7272954335515832,818000
5.877120653856325e-12,150.0,0.0,-3133.648708800008,1094.2013530505042,3.712647300543887e-06,-91.0132026672363,6.223874918671143e-11,206997.0,-0.725404461559003,819000
5.3219682397999385e-12,150.0,0.0,-2508.94207003681,663.1346385408923,3.6892556322252205e-06,-89.69615958404525,6.602253160352998e-11,207425.0,-0.7269073067237732,820000
4.820765848144447e-12,150.0,0.0,-2779.641270321602,1059.518629277745,3.973162002983257e-06,-89.64187846374519,6.118293894014489e-11,207344.0,-0.7308130606767472,821000
4.366716903000943e-12,150.0,0.0,-4530.594599761668,1536.4573767019137,3.9033428622632394e-06,-88.33792198181148,6.274128400100681e-11,208409.0,-0.731866194596806,822000
3.956919346868874e-12,150.0,0.0,-3468.1248952395786,1550.8629469254304,4.064886855810076e-06,-87.33486701202388,6.566047523673482e-11,207175.0,-0.7404385863951223,823000
3.5888841727008773e-12,150.0,0.0,-3763.8948076856054,1369.0545064718963,3.863881677881762e-06,-84.48037935638435,6.572020770716775e-11,207860.0,-0.7420295059287296,824000
3.2601565945564877e-12,150.0,0.0,-2635.3351259533947,1424.6904458426795,4.029455470150101e-06,-80.35581216430657,6.365794884035089e-11,207733.0,-0.7516179413994011,825000
2.9596845709922053e-12,150.0,0.0,-2799.1318221515553,1633.0780450062177,3.973177808965116e-06,-80.2289784469604,6.835020781130831e-11,207069.0,-0.7351803845482415,826000
2.6830088745329055e-12,150.0,0.0,-3362.575153006224,1863.5631861223708,3.433346215654503e-06,-79.96379333496117,5.918076199098131e-11,207301.0,-0.7231067040530833,827000
2.4288053263477763e-12,150.0,0.0,-4617.474368701056,1829.3437542217953,4.108129879962275e-06,-80.95405168151854,6.365333029032893e-11,207877.0,-0.7226346313216396,828000
2.197364408051263e-12,150.0,0.0,-3534.044197138738,2390.9947729836163,4.091629168516907e-06,-81.32991561126697,6.701363041785253e-11,207235.0,-0.7253640733793986,829000
1.9872622295576822e-12,150.0,0.0,-6007.680420564817,2693.696280624107,4.078973446658556e-06,-83.18853037261967,6.21443530249664e-11,207858.0,-0.7286599465336546,830000
1.7964001330309695e-12,150.0,0.0,-4513.39505221781,2310.9892586296273,3.6651954374473655e-06,-84.2437140960692,6.466708692179118e-11,207326.0,-0.738797511986206,831000
1.6252278748057215e-12,150.0,0.0,-4372.20093701597,546.3923494867333,4.07643449160933e-06,-83.29184071350087,6.614483759599679e-11,207518.0,-0.7221090692707411,832000
1.471449141351999e-12,150.0,0.0,-4763.584414934633,1698.6107132389216,3.3924432268639374e-06,-84.71079292297378,6.19041634339137e-11,207167.0,-0.7324339469126596,833000
1.3297275933349747e-12,150.0,0.0,-5280.57411679942,2265.0458751934448,4.18413098804148e-06,-86.29440177154542,6.861597512008255e-11,207343.0,-0.7330341052272835,834000
1.2024569775222928e-12,150.0,0.0,-5374.263748502899,1516.5272383406398,4.01648991469351e-06,-87.1596730575561,6.337048017870348e-11,208638.0,-0.7352106627881213,835000
1.0878279469708424e-12,150.0,0.0,-2751.5413841256595,1311.3294424002934,4.010575925048607e-06,-86.67149481964115,6.170366398419731e-11,208029.0,-0.7320388514082555,836000
9.845285029938536e-13,150.0,0.0,-3719.2771055188923,1379.2982599285624,4.087965919819192e-06,-87.66467515563967,6.476231538681144e-11,207310.0,-0.72728596081498,837000
8.902008341083762e-13,150.0,0.0,-3679.0552295694497,198.50782819940957,4.006047380398671e-06,-89.05960375213624,6.485997762431749e-11,207129.0,-0.7259531313118013,838000
8.052512054509622e-13,150.0,0.0,-2892.039820889727,1570.1019813065177,3.954724380840012e-06,-88.74320030975336,6.301615883981941e-11,207509.0,-0.7302143660507694,839000
7.28955851030892e-13,150.0,0.0,-4033.8965291002255,225.22050139302797,4.0500929862759135e-06,-88.82797901916507,6.61603705846021e-11,207280.0,-0.7176951582820259,840000
6.594550767003596e-13,150.0,0.0,-2563.4279973243806,1427.3021915295224,3.228120525374136e-06,-90.34638634490955,6.433025557445575e-11,207377.0,-0.7300544910748628,841000
5.962275624387863e-13,150.0,0.0,-2513.4348929005305,1434.9669989399947,4.056268277085391e-06,-91.55257575225843,6.349378898545207e-11,208077.0,-0.7276051011722091,842000
5.392126011102491e-13,150.0,0.0,-2363.8774938440947,1329.7947157196882,4.041358944021809e-06,-92.05633250427253,6.535749948030276e-11,207346.0,-0.7268344498188339,843000
4.878016342095031e-13,150.0,0.0,-3269.3712971457703,1112.8069983976684,3.6306939580068594e-06,-92.40546765136729,6.168153581693477e-11,207617.0,-0.7187266152584617,844000
4.415907732795859e-13,150.0,0.0,-2718.2983835079717,1481.5022456860297,3.857931673778081e-06,-91.64719051361084,6.999760746080669e-11,207626.0,-0.7256758606458175,845000
3.9976796837606106e-13,150.0,0.0,-3290.691610667715,1251.0043406959467,3.6755850372602863e-06,-92.36736051940919,5.8159630166584775e-11,207520.0,-0.7152368129569702,846000
3.6158136836224363e-13,150.0,0.0,-2886.1183095509946,1074.8007323070838,4.02535825669314e-06,-93.71032797241213,6.49536276936012e-11,208051.0,-0.7202991298695111,847000
3.271555248116154e-13,150.0,0.0,-1910.3283731271317,1378.0386622033984,3.894597737334135e-06,-93.20438292694104,6.326699907326768e-11,207508.0,-0.7160931725579041,848000
2.9620560106254065e-13,150.0,0.0,-1940.2022456976447,1159.0751877819837,4.151572102570003e-06,-92.6633478012083,6.596932011368409e-11,208106.0,-0.7234668854753957,849000
2.68258356744518e-13,150.0,0.0,-2475.033462183159,945.7705627667049,3.6838527949318862e-06,-92.15780773925776,6.189255865380411e-11,207907.0,-0.7175233062725574,850000
2.42974788075903e-13,150.0,0.0,-2367.799600647256,765.6245407590486,3.9434504274851215e-06,-91.6466215820315,6.812518691248893e-11,208586.0,-0.7181413522707017,851000
2.2008424810783332e-13,150.0,0.0,-2529.5892306706037,982.2812173818105,4.03767012537164e-06,-91.10991765594498,6.13758645469195e-11,207772.0,-0.7224636818639821,852000
1.9923543208028706e-13,150.0,0.0,-2077.6549532365525,724.8141036424967,3.249348925420583e-06,-91.93235031890869,6.471426118755025e-11,207310.0,-0.7226054315981324,853000
1.8032781404176874e-13,150.0,0.0,-2192.113680789126,797.5794158024133,4.030806927017413e-06,-91.58232031250013,6.386061866481628e-11,207732.0,-0.7126304532302864,854000
1.6329597481883666e-13,150.0,0.0,-1975.536411692053,1293.020441584183,4.1050090197662975e-06,-91.05356107330306,6.624045424303395e-11,207319.0,-0.7164813940970682,855000
1.4787423232253112e-13,150.0,0.0,-1736.3945190487284,482.97444755920253,3.755242702382585e-06,-90.76305445098896,6.166217056855167e-11,207093.0,-0.7181822882625861,856000
1.339049337720483e-13,150.0,0.0,-1609.7483590397183,461.574476284493,3.926040149183258e-06,-90.4908020401002,6.591656638939278e-11,208203.0,-0.7159275425644208,857000
1.2121650218137063e-13,150.0,0.0,-2795.9825395288767,890.968141056461,3.5948793117761512e-06,-90.94269748687755,6.578690628312584e-11,207858.0,-0.7045794737392151,858000
1.0965793096289313e-13,150.0,0.0,-3146.810997861793,815.2086365815256,3.6739873199218536e-06,-92.55379441833497,6.443265480627039e-11,207249.0,-0.7137654552657242,859000
9.914164470934895e-14,150.0,0.0,-1896.4572763444035,1071.6175650056591,3.607331725279829e-06,-93.40372299957264,6.030988587069513e-11,207657.0,-0.7133033036485864,860000
8.970476745857688e-14,150.0,0.0,-2830.7990635427823,813.4042949225056,4.079226368130618e-06,-93.18826261138888,6.692963831779246e-11,207349.0,-0.7279726798663708,861000
8.122067872185252e-14,150.0,0.0,-2402.5738742095855,735.309016084549,3.816422245481727e-06,-92.34441825866692,6.543236779457248e-11,207671.0,-0.7237000848042677,862000
7.357049048613434e-14,150.0,0.0,-2371.3225317193105,1169.021811681711,2.9367178070257575e-06,-91.77164653015151,6.32702460561455e-11,207490.0,-0.7268027996824666,863000
6.662270104221483e-14,150.0,0.0,-2528.1948620925805,1014.3162795830733,3.730332573229413e-06,-91.88469194793693,6.427704366102733e-11,207690.0,-0.7194935612920462,864000
6.031124650260705e-14,150.0,0.0,-1663.0347695167588,387.15869625138106,4.001890556465052e-06,-91.81816067504866,6.778509372345723e-11,208180.0,-0.7284947962992124,865000
5.45954805276634e-14,150.0,0.0,-2478.0472815737107,974.2540599390267,3.4149431864557354e-06,-92.23753816986083,6.426305059382518e-11,208048.0,-0.7158425721558397,866000
4.9402819373356065e-14,150.0,0.0,-2145.11878348777,843.712453680152,3.478199249261097e-06,-92.9690363006593,6.202289160888172e-11,208002.0,-0.7271489734018592,867000
4.4693615077444263e-14,150.0,0.0,-2598.9572652457937,1082.5814423751226,3.4983954027281187e-06,-93.41910689544686,6.511652110815465e-11,207743.0,-0.7182333539640438,868000
4.044370401933336e-14,150.0,0.0,-1316.385641205737,469.4166165257367,3.218830022662319e-06,-93.8006489105223,6.591015775583877e-11,207842.0,-0.7246707613962963,869000
3.659171542294079e-14,150.0,0.0,-2570.411705813557,1019.235974604185,3.687504526729504e-06,-94.1370999984742,6.288573703605492e-11,207485.0,-0.7230039756243367,870000
3.3112138898838747e-14,150.0,0.0,-2466.256296293015,910.1563067688836,3.45700685481523e-06,-94.45984416961664,6.593411333605102e-11,208033.0,-0.7166545650002085,871000
2.996285755653957e-14,150.0,0.0,-1615.0440794880112,903.5896209352042,3.6338703308784754e-06,-94.88508414459248,6.470895101389772e-11,207338.0,-0.7275179073349465,872000
2.7112889343182806e-14,150.0,0.0,-1698.254681140789,706.8470284550555,3.7058305866585185e-06,-95.15703814697268,6.217576699346411e-11,207628.0,-0.7271057756879716,873000
2.453482477234457e-14,150.0,0.0,-2194.9244520528,1231.6406597459759,3.772051254554861e-06,-95.6092822341918,6.599748824075409e-11,207501.0,-0.7347000031330255,874000
2.220410649710569e-14,150.0,0.0,-1864.202161925647,995.0680020611987,2.7865626152762138e-06,-95.5098750839231,6.211392821221843e-11,207264.0,-0.7279643713186496,875000
2.010040154069511e-14,150.0,0.0,-1911.8559428205729,830.0022818730481,3.500562352169004e-06,-95.30867953491214,6.499468386122885e-11,207323.0,-0.7269225917330917,876000
1.8195449163823795e-14,150.0,0.0,-2312.251038839088,1200.0934979374038,3.577289977384038e-06,-95.40655398559572,6.534852943287034e-11,207758.0,-0.7286056426273275,877000
1.6472352117985152e-14,150.0,0.0,-2668.705946992776,835.3328532873101,4.103741023274043e-06,-95.19270720672613,6.724340786403561e-11,207646.0,-0.7446225973573368,878000
1.4908963418954412e-14,150.0,0.0,-1739.9762588956423,1055.636403853071,3.9150163578940405e-06,-96.13010370635959,6.69148769262553e-11,206676.0,-0.7444506642209733,879000
1.348509296917224e-14,150.0,0.0,-1946.928614900721,1105.6287520417109,3.2387539610094753e-06,-97.08821561431893,6.254452236199909e-11,207357.0,-0.7514506769265231,880000
1.2197967414209713e-14,150.0,0.0,-1219.0812622831372,1008.6730659677182,3.6754642508816613e-06,-97.92487402343735,6.15364936758509e-11,207318.0,-0.7477814910491216,881000
1.1036944881145266e-14,150.0,0.0,-2975.7322420324554,508.14750705790505,3.890025542839133e-06,-98.54623508453385,6.394282289568929e-11,206869.0,-0.7474173719566718,882000
9.988904616173572e-15,150.0,0.0,-2115.0965297635184,687.0756973303804,3.5223918715814324e-06,-98.3896697387696,6.720573109970399e-11,207594.0,-0.7361531288981125,883000
9.042953330900745e-15,150.0,0.0,-1650.6633368357204,821.0630753242397,3.6542847746803207e-06,-98.56218800354013,6.265896684502443e-11,207618.0,-0.7399223536692499,884000
8.186182297420616e-15,150.0,0.0,-1922.736526052803,1133.0783027199932,3.659747240972393e-06,-98.71718220519988,6.427317659781085e-11,207964.0,-0.7367742399246406,885000
7.410885118076082e-15,150.0,0.0,-2278.8016114071215,1196.7000619361343,3.868322451689239e-06,-98.28203719329856,6.834973876979681e-11,207402.0,-0.7340626850486821,886000
6.710608513116275e-15,150.0,0.0,-2739.32603297757,1039.9267051806057,3.720661766245419e-06,-97.6874259948731,6.074274494002631e-11,207165.0,-0.7365883410265549,887000
6.077303479962085e-15,150.0,0.0,-2284.7069109969907,1043.6723984350888,4.000271901182226e-06,-97.2008343963622,6.534560255730814e-11,207557.0,-0.7343383112689079,888000
5.5043283125719125e-15,150.0,0.0,-1607.7216847215084,719.1507896336562,3.6483296077847186e-06,-96.7528200607297,6.263851590299906e-11,208034.0,-0.7251901924420442,889000
4.982940391720873e-15,150.0,0.0,-1734.0601884711577,912.0072236528529,3.860971930860653e-06,-97.53161136627197,6.6657820853747e-11,208433.0,-0.7269330907538635,890000
4.510185436742591e-15,150.0,0.0,-2754.4027687091607,803.9787555840101,3.483258457246444e-06,-97.95022396087647,6.392673819636143e-11,208043.0,-0.7314831747739853,891000
4.081489324879243e-15,150.0,0.0,-1705.2204581918693,961.8933211288838,3.5437254414008057e-06,-98.51572916412363,6.819884448810859e-11,207754.0,-0.7273323456674217,892000
3.692791602527842e-15,150.0,0.0,-2286.6177407819896,992.3665969656712,3.5456649211754954e-06,-99.44096279907238,6.286030414049819e-11,207702.0,-0.7317093045333617,893000
3.341884210648975e-15,150.0,0.0,-1976.9229262469576,898.4244942181386,3.7254939053452718e-06,-99.23959815978996,6.007964279579586e-11,207543.0,-0.7236665276991887,894000
3.025884865106184e-15,150.0,0.0,-2480.266112737923,509.1709597861172,3.711119307471918e-06,-98.96326554870616,6.730650715029431e-11,207190.0,-0.732632315786533,895000
2.7396591604932236e-15,150.0,0.0,-2998.3860037799195,291.76457757476896,3.906873490978391e-06,-98.88846627807617,6.404896773983077e-11,207898.0,-0.7370306763680553,896000
2.4799271347283224e-15,150.0,0.0,-2584.6204709417607,1021.1587511212368,3.936702300420013e-06,-99.18867037963865,6.479180450848006e-11,207916.0,-0.740199099891945,897000
2.2451471778948457e-15,150.0,0.0,-2381.895222434031,877.0064093119129,3.065593010126491e-06,-99.14013118743894,6.490777965158546e-11,207284.0,-0.7297332899479133,898000
2.032577507658238e-15,150.0,0.0,-2642.1981199279826,1029.6063627837398,3.83971192650106e-06,-99.08548187255856,6.343008021360239e-11,207596.0,-0.7398528354182312,899000
1.840243094648415e-15,150.0,0.0,-2855.7785170220595,843.5564088775508,3.1262624686356807e-06,-99.08377273559562,6.261347090046803e-11,207755.0,-0.7379818969333851,900000
1.6659283054455715e-15,150.0,0.0,-2252.987953686731,1193.8215756823313,4.299281974642364e-06,-99.07852216339121,6.560345249340787e-11,207594.0,-0.7297690472682508,901000
1.508285494219364e-15,150.0,0.0,-2434.7539027240127,1004.7070706038961,3.92997031413222e-06,-98.91152436065664,6.512916165324089e-11,207329.0,-0.7412474366059285,902000
1.3655831754890111e-15,150.0,0.0,-2829.8746523476293,992.4727178477176,3.2151363647781104e-06,-98.89597913360595,6.497894607318459e-11,207994.0,-0.7443401652608955,903000
1.2362510261915118e-15,150.0,0.0,-2135.6440062508473,390.64521171236936,3.858823370293147e-06,-98.85016893005378,6.567762973305544e-11,207917.0,-0.7326702226793764,904000
1.119390475130542e-15,150.0,0.0,-2543.0499364341163,805.8563281067472,3.7168404501362026e-06,-98.46527529907212,6.455428856346535e-11,207236.0,-0.7341794483719674,905000
1.0136489795665304e-15,150.0,0.0,-3079.3989891633014,1250.3401818075072,3.6291603058810077e-06,-98.3080576858519,6.008869318010893e-11,207674.0,-0.7312605796622916,906000
9.178050556796756e-16,150.0,0.0,-2806.743913280815,475.3605316778255,3.4064594484222173e-06,-98.04521989440904,6.47977418004959e-11,207808.0,-0.7377573427022704,907000
8.309774463153053e-16,150.0,0.0,-2246.6944198080528,1234.919174599961,3.6855318489238436e-06,-98.25510739135734,6.313577554646015e-11,208119.0,-0.7365222304902296,908000
7.522047518199905e-16,150.0,0.0,-2064.6067999860225,678.1382185760826,3.861407340824301e-06,-98.39650068664538,6.746749567746043e-11,208071.0,-0.7373826714442114,909000
6.809106352533717e-16,150.0,0.0,-3314.357131378257,462.4743076062016,3.7918870339641606e-06,-98.93262267303471,6.292683180409358e-11,208408.0,-0.7561145413432574,910000
6.162173754527577e-16,150.0,0.0,-2570.745540716957,1401.1604455743848,3.6555613295784058e-06,-98.87514694976784,6.655545832830854e-11,207209.0,-0.7469592534096824,911000
5.57932321285859e-16,150.0,0.0,-2464.5045972894795,1145.3517229107492,3.839810916532937e-06,-98.56936131286606,6.552026742328651e-11,207657.0,-0.7448556652856332,912000
5.052047472182308e-16,150.0,0.0,-2694.1550710404604,589.0833255352771,3.5871355934657976e-06,-98.23531900787341,6.553143674386359e-11,207435.0,-0.743318548621847,913000
4.574567168201363e-16,150.0,0.0,-2256.0671296296314,584.6564437908728,3.777003044968642e-06,-98.07878199768068,5.813182536856182e-11,207575.0,-0.740063943341012,914000
4.1427221089185505e-16,150.0,0.0,-3201.8344375994907,1368.2409397614588,3.798365140538994e-06,-97.47627592468277,6.681852200379554e-11,207811.0,-0.7428741987231801,915000
3.750847584945673e-16,150.0,0.0,-3128.9970077821504,682.8893045553954,3.7632438297705335e-06,-98.05555292510991,6.510823438231223e-11,207161.0,-0.7377901005884685,916000
3.3947981209535684e-16,150.0,0.0,-2811.4395717498364,545.6339595405643,4.023974618457832e-06,-98.62169597625753,6.340000665701483e-11,207355.0,-0.7386493127722987,917000
3.0722748801113037e-16,150.0,0.0,-3519.66670613843,975.7474183503788,3.737752684806139e-06,-99.27487171936038,6.272424822723874e-11,207467.0,-0.7413150257016922,918000
2.7804963150108878e-16,150.0,0.0,-2387.6064608459196,904.3827636164314,4.108585629183374e-06,-99.16805574035648,6.623198452794744e-11,207353.0,-0.7466704667518139,919000
2.5170461529972103e-16,150.0,0.0,-2330.7021204612247,824.6173401540389,3.8536502411300215e-06,-98.95915970611566,6.367981057236744e-11,207570.0,-0.7375298047218667,920000
2.2788307883424917e-16,150.0,0.0,-2641.838543397259,190.3842409869714,3.886743062477088e-06,-99.1503852996828,6.685074523467864e-11,207319.0,-0.7455138551653706,921000
2.0629086425128885e-16,150.0,0.0,-3891.573825998146,311.16745022733744,3.6351744499891743e-06,-99.07766847229011,6.149362973053264e-11,207997.0,-0.7410451555288958,922000
1.8671599117963682e-16,150.0,0.0,-3115.2915312764057,827.8325942064307,4.087001459214477e-06,-99.7586263885497,6.54072988638188e-11,208090.0,-0.7386642507511502,923000
1.6900162485166249e-16,150.0,0.0,-3354.703345408325,900.9258728631468,3.858672934211831e-06,-99.92412686920161,6.456473561265031e-11,208329.0,-0.7392538482342659,924000
1.529379348378366e-16,150.0,0.0,-2865.6072464695253,794.43688254399,3.4683059197029267e-06,-100.79469715881359,6.272492133779883e-11,207576.0,-0.7348959080884432,925000
1.3836690146408024e-16,150.0,0.0,-3144.6098453642885,419.5651150563866,4.059948394675252e-06,-101.60979542541507,6.64194679714361e-11,208057.0,-0.7439716456740776,926000
1.251838504898855e-16,150.0,0.0,-2276.38990994965,460.7646088452332,3.7894310020901706e-06,-102.16263137054453,6.584532368718238e-11,207281.0,-0.7401035676641348,927000
1.1326700655599366e-16,150.0,0.0,-2749.2385179426715,761.4695645489584,3.942886831672877e-06,-102.98570433807387,6.763127468099141e-11,207641.0,-0.7451040595026511,928000
1.0249480112476922e-16,150.0,0.0,-2556.628859283913,1170.0100544678237,3.563307548453126e-06,-103.02932706451406,5.88789054510785e-11,207531.0,-0.7386214694350344,929000
9.277113075784199e-17,150.0,0.0,-2133.997220003271,756.3228415539439,3.7356675035393894e-06,-103.25359776306142,6.521334353463653e-11,208019.0,-0.7388430473614589,930000
8.397115480283148e-17,150.0,0.0,-3164.4130913666804,649.5177042407972,4.051331545394722e-06,-103.55321009063717,6.903965879143914e-11,208346.0,-0.7432325251841815,931000
7.6004050423284e-17,150.0,0.0,-2704.9723669327595,1102.176060838735,3.5063963899673094e-06,-103.5178225402832,5.9985000498689e-11,207613.0,-0.7372855304769464,932000
6.881539606335766e-17,150.0,0.0,-3326.2902058429063,867.5804753628327,3.818150254648822e-06,-103.22043495178228,6.43939214435911e-11,207368.0,-0.7494627037903153,933000
6.23072740327536e-17,150.0,0.0,-2316.190719720685,657.2959887004581,4.10952978381029e-06,-103.34576280975347,6.393002227628703e-11,207673.0,-0.7385379687517823,934000
5.6388089904251e-17,150.0,0.0,-3716.5998775689645,621.5277617853707,4.016117353778887e-06,-104.23867766571047,6.738553534921496e-11,207106.0,-0.7521187549428817,935000
5.1041776293329554e-17,150.0,0.0,-3040.532192058593,436.10595676570154,3.387409578042283e-06,-104.3042254562377,6.118697908954585e-11,208671.0,-0.7451591703796429,936000
4.6208548526002575e-17,150.0,0.0,-3237.6120919121213,739.9155045011346,3.7782368934558447e-06,-104.2084945907593,6.779344560985233e-11,207430.0,-0.743703208343604,937000
4.182858068836637e-17,150.0,0.0,-2891.3934388970583,513.3169828665166,3.5870879180057183e-06,-104.72885836029042,6.464699941050239e-11,207971.0,-0.7456252096653931,938000
3.786152629496381e-17,150.0,0.0,-2968.778122953818,1012.3531229653873,3.738521256965613e-06,-104.56837649536124,5.94836632811215e-11,208074.0,-0.7457039732083153,939000
3.426872233170283e-17,150.0,0.0,-2727.632342559722,1021.0836216904859,3.6335172358920582e-06,-105.59624942779536,6.955478948084138e-11,207501.0,-0.7424773450284806,940000
3.1006881424659436e-17,150.0,0.0,-2597.1438875203685,888.5394906395851,3.3530542423707844e-06,-106.1344853515626,6.573976020249115e-11,207543.0,-0.7357411595864461,941000
2.806187885772364e-17,150.0,0.0,-2687.21628130354,733.9090383284101,3.689327731740915e-06,-106.24903762817391,6.365527618748115e-11,207777.0,-0.7417641213926169,942000
2.539702788363584e-17,150.0,0.0,-2690.914111440469,927.1407927333065,3.5018750242841214e-06,-107.15939144897473,6.0772679905159e-11,207819.0,-0.7462171569787153,943000
2.298083271052657e-17,150.0,0.0,-2981.1355918101517,693.5777092556527,3.275665520621256e-06,-107.52402927398673,6.687163581731932e-11,208174.0,-0.7497331814685965,944000
2.0797801150458386e-17,150.0,0.0,-2628.550099067823,1030.6573236015236,3.8464913652637096e-06,-107.54480340576166,6.519009858894117e-11,207382.0,-0.7409749821026237,945000
1.882513590391731e-17,150.0,0.0,-3278.5586307071344,493.70256602240835,3.679396537409233e-06,-107.85265971374507,6.18680533060255e-11,207943.0,-0.7387148489324333,946000
1.7035743060368337e-17,150.0,0.0,-2870.6302544494256,1157.753681615048,4.0162127799563346e-06,-108.67529267120347,6.606702486208293e-11,207564.0,-0.738889860646532,947000
1.5417026902396112e-17,150.0,0.0,-2563.897478838303,557.4484280413427,3.899382242676936e-06,-108.6594235687255,6.442876872828382e-11,208040.0,-0.7342753707125803,948000
1.395206539916297e-17,150.0,0.0,-2695.1086438130924,789.4950153452961,3.627075716415854e-06,-109.05878648376452,6.410739707757428e-11,207809.0,-0.7472074718442296,949000
1.2627225158336157e-17,150.0,0.0,-2748.6922181031014,363.53241429162847,3.800012964961579e-06,-109.37823249816896,6.323811299954357e-11,207456.0,-0.7412463715474648,950000
1.1432462673686398e-17,150.0,0.0,-2384.130601347997,774.8795479926872,4.170036482731066e-06,-109.07417305755615,6.728397085363204e-11,207998.0,-0.7429381751979407,951000
1.0347185693318623e-17,150.0,0.0,-3296.500549238648,766.8685233077124,3.6958241668798513e-06,-109.44062425994873,6.093061979493531e-11,207517.0,-0.7453069898164673,952000
9.36500225349558e-18,150.0,0.0,-2146.2937178137327,602.0537320613525,3.7639926162031958e-06,-109.86720202636707,6.416606351698174e-11,207284.0,-0.74916214515863,953000
8.4746679678542e-18,150.0,0.0,-1832.5129336964333,515.133706160309,3.658026111404981e-06,-110.4137397232056,6.66071173369091e-11,207757.0,-0.7401395419568808,954000
7.67107295959332e-18,150.0,0.0,-3468.627154566232,1013.4318279770359,3.654255626159392e-06,-110.38756766510005,6.58257541174448e-11,207482.0,-0.7411915651956065,955000
6.94299367406647e-18,150.0,0.0,-2860.7045836346606,742.1227211504033,3.3583684615701114e-06,-110.75001837921151,6.204886866612985e-11,207490.0,-0.7390131003247274,956000
6.284142647331098e-18,150.0,0.0,-2829.086268189552,947.7321377695966,3.898118977373907e-06,-111.41197512054443,6.635979449187749e-11,207375.0,-0.747913325865258,957000
5.686896479464364e-18,150.0,0.0,-2429.9948901179873,1028.9049029953323,3.885409961164708e-06,-111.60169201660166,6.661785546048477e-11,207444.0,-0.7445407604803889,958000
5.147869988816886e-18,150.0,0.0,-2738.856956733872,840.1922805299714,3.6949462046784724e-06,-111.77732166290274,6.281834305488667e-11,207682.0,-0.743694367408221,959000
4.659725136233522e-18,150.0,0.0,-3000.5255358491013,350.0767574296918,3.691036041791879e-06,-111.85626093292252,5.990111582215881e-11,207180.0,-0.7458702847908885,960000
4.2173075359787095e-18,150.0,0.0,-2997.2975247155955,914.0592375663758,3.88668432033867e-06,-112.46534635925298,7.032089727070899e-11,207607.0,-0.7481002825122588,961000
3.817357506245596e-18,150.0,0.0,-2194.5903314864236,668.7213632009627,3.6077968829961716e-06,-112.0561380462646,6.198910118243718e-11,207450.0,-0.7511336556106953,962000
3.4554011081354844e-18,150.0,0.0,-2617.8988153256637,750.7147516484804,3.4667571789904766e-06,-112.3440221557619,6.375138133159894e-11,207581.0,-0.7438151550121992,963000
3.127821580860416e-18,150.0,0.0,-2684.4979116178465,1196.6352606926123,3.886348420799485e-06,-112.62126210784898,6.425734707279896e-11,207760.0,-0.7432110082036388,964000
2.831366880592498e-18,150.0,0.0,-2083.301156614179,281.8352213434128,3.83611974785336e-06,-112.5886427307131,6.485864001263334e-11,207620.0,-0.7355998444400524,965000
2.562625121603868e-18,150.0,0.0,-2958.972554517576,1066.262068761582,3.5205537069422668e-06,-113.15627048492426,6.158974940355573e-11,207588.0,-0.7490811437839452,966000
2.319393548806685e-18,150.0,0.0,-2985.5217274810416,381.0656219234336,4.011006752295376e-06,-113.55040280151363,6.701005167923637e-11,208071.0,-0.7407143060422885,967000
2.0990023852819148e-18,150.0,0.0,-3195.1980005861087,1137.5153801052998,3.5516839426845595e-06,-114.11779753875733,6.582619297437127e-11,207548.0,-0.7466907184182698,968000
1.8993279438617196e-18,150.0,0.0,-2443.1487756859783,561.7788109179298,3.8780799268534e-06,-114.57497001647944,6.272632529293863e-11,207518.0,-0.743197674842961,969000
1.7192045766195375e-18,150.0,0.0,-2162.491286440604,1014.1871051667,3.815614337778322e-06,-114.47495600891105,6.163971315950123e-11,208098.0,-0.7514704430224957,970000
1.5560292753112404e-18,150.0,0.0,-2974.4571545620247,1012.6539830246583,3.935555639504426e-06,-115.23783400726343,6.766450594478115e-11,206900.0,-0.7471736241673026,971000
1.4079683787319474e-18,150.0,0.0,-3469.5441146882417,594.8140971248104,3.7191562853878784e-06,-115.86386117553711,6.486266032790819e-11,207911.0,-0.740887238598564,972000
1.2743593478846397e-18,150.0,0.0,-3607.7260317500754,424.81215534622305,3.386810241028055e-06,-115.9819076766967,6.19910015479798e-11,207499.0,-0.7439274922965583,973000
1.1534582626992868e-18,150.0,0.0,-2904.110072683735,939.9693265446604,3.6444830604054365e-06,-116.49530490112308,6.397236007257364e-11,208372.0,-0.7395115571058295,974000
1.0439924564828344e-18,150.0,0.0,-2626.6629499751216,749.6233959227626,4.021177622039795e-06,-116.1969519271851,6.389745561990719e-11,207350.0,-0.7447353769568809,975000
9.447568886932032e-19,150.0,0.0,-2662.165986742634,807.6522057711733,3.701119686826095e-06,-117.15677143859861,6.728966507969092e-11,208385.0,-0.7449419302883554,976000
8.5505670605746e-19,150.0,0.0,-2808.5302075448976,989.376819166849,3.453010664166201e-06,-117.20276737213149,6.142702458585256e-11,207672.0,-0.7445038736671866,977000
7.739550830015034e-19,150.0,0.0,-3466.7872302909686,424.78058880401176,3.700815537984502e-06,-117.49918301391588,6.614330295574008e-11,208164.0,-0.7557042010232206,978000
7.004779553140356e-19,150.0,0.0,-2980.954696525467,1079.3866243739542,3.781507380596872e-06,-117.5384467544556,6.592636348750962e-11,207765.0,-0.7451506426462735,979000
6.339835182106703e-19,150.0,0.0,-2819.768363038287,1049.9944914102794,3.5505115365534984e-06,-118.22846366882321,6.07210378527688e-11,207633.0,-0.743171674931282,980000
5.73799661542614e-19,150.0,0.0,-2118.9973031350055,875.51866456941,4.252241316914702e-06,-118.01878465271002,6.959156932398706e-11,207102.0,-0.743660530829745,981000
5.193853473575038e-19,150.0,0.0,-2432.6838765122748,607.7356950810355,3.7825339266095484e-06,-118.58575988769529,6.45354830693153e-11,207470.0,-0.7525081796369848,982000
4.700401243859114e-19,150.0,0.0,-2910.768498895075,892.3409188560387,3.7807975722721254e-06,-118.9440919342041,6.284695327884291e-11,207531.0,-0.7406788520768867,983000
4.254921268723687e-19,150.0,0.0,-2372.3212905559776,513.265835381388,3.1318482276401243e-06,-118.99160781097419,6.336660650350553e-11,207081.0,-0.7458570948525206,984000
3.8518303119370702e-19,150.0,0.0,-2658.141608417892,1025.257011549325,3.773921090442386e-06,-119.2245504455567,6.203244288593988e-11,207486.0,-0.7413840593064899,985000
3.4862029875464085e-19,150.0,0.0,-2690.004807042062,1076.6776501337035,4.083167092992826e-06,-119.60507925415043,6.828778496750779e-11,207054.0,-0.7410933688411289,986000
3.155292662231709e-19,150.0,0.0,-2701.853151883981,919.5454224963644,3.6713645474708596e-06,-119.72614832305896,6.506422896208455e-11,207854.0,-0.749687908344562,987000
2.855517071635073e-19,150.0,0.0,-3452.65694702248,435.80945400843024,3.950710530343125e-06,-120.57292404937732,6.186448047996126e-11,207387.0,-0.7553395242619128,988000
2.584177541592977e-19,150.0,0.0,-2342.535646888643,452.5984513850952,3.762734801343154e-06,-120.82360160827645,6.673151819530777e-11,208300.0,-0.7511664672545638,989000
2.3387537522991154e-19,150.0,0.0,-2364.01195256893,1108.400232268414,3.580704497580633e-06,-121.39706136322037,6.341805665755097e-11,207594.0,-0.7449056387723866,990000
2.1171828736333467e-19,150.0,0.0,-2779.5691929754203,858.5987695581259,3.4077567259904816e-06,-121.00806606292738,6.518500152279541e-11,207872.0,-0.7520757934829074,991000
1.9163107041027883e-19,150.0,0.0,-2127.721288916674,536.1829822054723,3.394449038181422e-06,-121.49847310638438,5.9296087464869e-11,207565.0,-0.7507924243008652,992000
1.7343648472985893e-19,150.0,0.0,-2596.402987730659,958.9853836674671,3.7250990806405655e-06,-121.8249982528686,6.616411093055447e-11,207192.0,-0.7414667081129039,993000
1.5699152978054502e-19,150.0,0.0,-2707.4892963584994,1133.9009165679795,3.860108866738491e-06,-122.12527529144282,6.540470227161852e-11,207294.0,-0.7415354213709805,994000
1.420975591980579e-19,150.0,0.0,-3307.285259728593,893.968231209559,4.035050285925212e-06,-122.19115618133547,6.640576095379002e-11,207767.0,-0.7519927737894652,995000
1.2862957320931425e-19,150.0,0.0,-2244.8997380006804,449.2972067239414,3.73431827267167e-06,-122.31009955596926,6.303175815123976e-11,207322.0,-0.749596110877186,996000
1.1643133180764076e-19,150.0,0.0,-2675.875902066959,748.639512514899,3.948898385506275e-06,-122.38736884307859,6.609377793724192e-11,207685.0,-0.7345361894826624,997000
1.0537371028349814e-19,150.0,0.0,-2611.1645138127747,794.0624536108247,4.021286027382941e-06,-123.2482217407227,6.410086368177454e-11,207771.0,-0.7461903744742534,998000
9.537437565405542e-20,150.0,0.0,-2545.2609450449795,976.5032432100604,3.6428432429325206e-06,-123.2560340957642,6.305711622602409e-11,207310.0,-0.7413664441079818,999000
8.631718014846989e-20,150.0,0.0,-3185.126105665443,804.1711903539051,3.4854353650752834e-06,-124.04905084228498,6.537041390257072e-11,207608.0,-0.7397318589048153,1000000
